cdeID	cdeVersion	permissibleValue	valueTerm	ncitCode
6118266	1.00	Mouse	Mouse	C14238
6118266	1.00	Human	Human	C14225
6118266	1.00	Cell Line	Cell Line	C16403
6118266	1.00	Canine	Dog	C14201
11524549	1.00	Pediatric	Pediatric	C39299
11524549	1.00	Adult - legal age	Legal Adult	C52678
12571096	1.00	Proteomics	Proteomics	C20085
12571096	1.00	Genomics	Genomics	C84343
12571096	1.00	Imaging	Imaging Procedure	C17369
2201713	2.00	Radiation Oncologist	Radiation Oncologist	C17833
2201713	2.00	Project Coordinator	Project Coordinator	C51851
2201713	2.00	Referring Pathologist	Referring Pathologist	C51859
2201713	2.00	Regulatory Coordinator	Regulatory Contact	C51862
2201713	2.00	Research Clinician	Research Clinician	C51863
2201713	2.00	Research Nurse	Research Nurse	C51864
2201713	2.00	Registrar	Registrar	C25357
2201713	2.00	Surgeon	Surgeon	C18071
2201713	2.00	Reviewing Radiologist	Reviewing Radiologist	C51868
2201713	2.00	Site Representative Investigator	Site Representative Investigator	C51875
2201713	2.00	Statistician	Statistician	C51877
2201713	2.00	Study Chairperson	Study Chair	C51878
2201713	2.00	Study Coordinator	Study Coordinator	C51880
2201713	2.00	Community Educator	Community Educator	C51813
2201713	2.00	Guardian	Guardian	C51828
2201713	2.00	Laboratory Director	Laboratory Director	C51829
2201713	2.00	Laboratory Technologist	Laboratory Technologist	C51830
2201713	2.00	Lead Drug Monitor	Lead Drug Monitor	C51831
2201713	2.00	Legal Representative of the Sponsor	Legal Representative of the Sponsor	C51832
2201713	2.00	Neuropathologist	Neuropathologist	C51837
2201713	2.00	Pharmaceutical Liaison	Pharmaceutical Liaison	C51839
2201713	2.00	Pharmacologist	Pharmacologist	C51841
2201713	2.00	Physicist	Physicist	C53446
2201713	2.00	Population Member	Population Member	C51844
2201713	2.00	Practitioner Assigned	Practitioner Assigned	C51846
2201713	2.00	Protocol Author	Protocol Author	C51853
2201713	2.00	Sponsor	Sponsor	C48355
2201713	2.00	Treating Physician	Treating Physician	C51883
2201713	2.00	Admitting Physician	Admitting Physician	C51798
2201713	2.00	Attending Physician	Attending Physician	C51803
2201713	2.00	Audiologist	Audiologist	C51804
2201713	2.00	Bronchoscopist	Bronchoscopist	C25753
2201713	2.00	Central Reviewer	Central Reviewer	C51807
2201713	2.00	Clinical Coordinator	Clinical Coordinator	C51811
2201713	2.00	Co-Investigator	Co-Investigator	C51812
2201713	2.00	Consulting Physician	Consulting Physician	C51815
2201713	2.00	Coordinating Investigator	Coordinating Investigator	C51818
2201713	2.00	Evaluator	Evaluator	C51824
2201713	2.00	Practitioner	Practitioner	C51845
2201713	2.00	Translator	Translator	C86928
2201713	2.00	Participant	Participant	C29867
2201713	2.00	Interpreter	Interpreter	C86557
2201713	2.00	Interviewer	Interviewer	C63759
2201713	2.00	Health Care Provider	Health Care Provider	C16666
2201713	2.00	Grant Principal Investigator	Grant Principal Investigator	C51826
2201713	2.00	Letter of Intent Review Chair	Letter of Intent Review Chair	C51833
2201713	2.00	Mail Contact	Mail Contact	C51834
2201713	2.00	Medical Physicist	Medical Physicist	C51842
2201713	2.00	Reviewing Pathologist	Reviewing Pathologist	C51867
2201713	2.00	Sponsor Medical Expert	Sponsor Medical Expert	C51876
2201713	2.00	Subject Recruiter	Subject Recruiter	C51881
2201713	2.00	Submitting Pathologist	Submitting Pathologist	C51882
2201713	2.00	Abstractor	Abstractor	C62231
2201713	2.00	Contact Person	Contact Person	C25461
2201713	2.00	Nurse	Nurse	C20821
2201713	2.00	Patient	Patient	C16960
2201713	2.00	Pharmacist	Pharmacist	C51840
2201713	2.00	Physician	Physician	C25741
2201713	2.00	Referring Physician	Referring Physician	C51860
2201713	2.00	Social Worker	Social Worker	C28190
2201713	2.00	Data Manager	Data Manager	C51820
2201713	2.00	Investigator	Investigator	C25936
2201713	2.00	Associate	Associate	C51802
2201713	2.00	Agent Expert	Agent Expert	C51800
2201713	2.00	Mail Contact (Mgr)	Mail Contact	C51834
2201713	2.00	Protocol Chair at an Organization	Protocol Chair at an Organization	C51855
2201713	2.00	Employee	Employee	C51823
2201713	2.00	Site Investigator	Site Investigator	C51873
2201713	2.00	Checklist Completer	Checklist Completer	C51809
2201713	2.00	Checklist Supervisor	Checklist Supervisor	C51810
2201713	2.00	Primary Shipping Designee	Primary Shipping Designee	C51848
2201713	2.00	Program Director	Program Director	C51849
2201713	2.00	Drug Company Contact	Drug Company Contact	C51822
2201713	2.00	Protocol Specialist	Protocol Specialist	C51858
2201713	2.00	Shipping Designee	Shipping Designee	C51871
2201713	2.00	Branch Chief	Branch Chief	C51805
2201713	2.00	Participant Chief	Participant Chief	C51838
2201713	2.00	Address Module Coordinator	Address Module Coordinator	C51796
2201713	2.00	Registration Coordinator	Registration Coordinator	C51861
2201713	2.00	CDU Web Contact	CDU Web Contact	C51806
2201713	2.00	Agent Inspector	Agent Inspector	C51801
2201713	2.00	CEP Member	CEP Member	C51808
2201713	2.00	Adverse Event Coordinator	Adverse Event Coordinator	C51799
2201713	2.00	Account Administrator	Account Administrator	C51795
2201713	2.00	AdEERS Contact	AdEERS Contact	C51797
2201713	2.00	Group Coordinator	Group Coordinator	C51827
2201713	2.00	Division Head	Division Head	C51821
2201713	2.00	Primary CDUS Contact	Primary CDUS Contact	C51847
2201713	2.00	Secondary CDUS Contact	Secondary CDUS Contact	C51870
2201713	2.00	Grant Investigator	Grant Investigator	C51825
2201713	2.00	PMB Drug Company Contact	PMB Drug Company Contact	C51843
2201713	2.00	Principal Investigator (MGR)	Principal Investigator	C19924
2201713	2.00	Mail to contact	Mail to Contact	C51835
2201713	2.00	Clinical Research Associate	Clinical Research Associate	C25465
2201713	2.00	Concept Review Chair	Concept Review Chair	C51814
2201713	2.00	Co-Project Officer	Co-Project Officer	C51819
2201713	2.00	Contract Officer	Contract Officer	C51816
2201713	2.00	Medical Monitor	Medical Monitor	C51836
2201713	2.00	Program Specialist	Program Specialist	C51850
2201713	2.00	Project Officer	Project Officer	C51852
2201713	2.00	Protocol Chair	Protocol Chair	C51854
2201713	2.00	Protocol Lead Investigator	Protocol Lead Investigator	C51856
2201713	2.00	Protocol Review Chair	Protocol Review Chair	C51857
2201713	2.00	Review Liaison	Review Liaison	C51865
2201713	2.00	Review Specialist	Review Specialist	C51866
2201713	2.00	Scientific Monitor	Scientific Monitor	C51869
2201713	2.00	Site Leader	Site Leader	C51874
2201713	2.00	Study Chair	Study Chair	C51878
2201713	2.00	Contract Principal Investigator	Contract Principal Investigator	C51817
2201713	2.00	Funded Principal Investigator	Funded Principal Investigator	C63403
2201713	2.00	Principal Investigator	Principal Investigator	C19924
2201713	2.00	Site Coordinator	Site Coordinator	C51872
2201713	2.00	Maintainer	Software Maintenance	C67227
2201713	2.00	Developer	Software Development	C67226
2201713	2.00	Surgical Oncologist	Surgical Oncologist	C17840
2201713	2.00	Physician Assistant	Physician Assistant	C53423
2201713	2.00	Nurse Practitioner	Nurse Practitioner	C20852
2201713	2.00	Oncology Nurse	Oncology Nurse	C18065
2201713	2.00	Medical Oncologist	Medical Oncologist	C17838
2201713	2.00	PCP	Primary Care Provider	C93060
2201713	2.00	Primary care physician	Primary Care Provider	C93060
2201713	2.00	Gastroenterologist	Gastroenterologist	C17818
2201713	2.00	Infusion Nurse	Nurse	C20821
2201713	2.00	Infusion Nurse	Infusion Procedure	C15388
2201713	2.00	Clinical Nurse Specialist	Clinical Nurse Specialist	C20832
2201713	2.00	Interventional Radiologist	Interventional Radiologist	C147951
2201713	2.00	Nurse Coach	Nurse Coach	C175713
2201713	2.00	Coordinator	Coordinator	C45284
2201713	2.00	Alternative Principal Investigator	Principal Investigator	C19924
2201713	2.00	Alternative Principal Investigator	Alternative	C25415
2201713	2.00	ENABLE Coach	Coach	C157483
2201713	2.00	ENABLE Coach	ENABLE	C175704
2201713	2.00	Data Submitter	Data Submitter	C201979
2201713	2.00	Respondent	Proxy Respondent	C142652
2201713	2.00	Administrator or Manager	Manager	C70652
2201713	2.00	Administrator or Manager	Or	C37998
2201713	2.00	Administrator or Manager	Supervisor	C134832
2663165	1.00	Bish.	Bishop	C69162
2663165	1.00	Br.	Brother	C48648
2663165	1.00	Ch.	Chaplain	C69163
2663165	1.00	Dr.	Doctor	C69164
2663165	1.00	Fr.	Father	C25174
2663165	1.00	Miss	Miss	C69167
2663165	1.00	Mr.	Mister	C69166
2663165	1.00	Mrs.	Mrs	C69168
2663165	1.00	Ms.	Ms	C69169
2663165	1.00	Prof.	Professor	C69170
2663165	1.00	R.	Rabbi	C69171
2663165	1.00	Rev.	Reverend	C69172
2663165	1.00	Sr.	Sister	C48649
2006475	2.00	II	Second	C49463
2006475	2.00	III	Third	C49464
2006475	2.00	IV	Fourth	C49465
2006475	2.00	Jr.	Junior	C49466
2006475	2.00	Sr.	Senior	C49467
2006475	2.00	I	First	C25509
2192199	1.00	Not Reported	Not Reported	C43234
2192199	1.00	American Indian or Alaska Native	American Indian or Alaska Native	C41259
2192199	1.00	Native Hawaiian or other Pacific Islander	Native Hawaiian or Other Pacific Islander	C41219
2192199	1.00	Unknown	Unknown	C17998
2192199	1.00	Asian	Asian	C41260
2192199	1.00	White	White	C41261
2192199	1.00	Black or African American	Black or African American	C16352
2192199	1.00	Not allowed to collect	Not Allowed To Collect	C141478
2200604	3.00	Unknown	Unknown	C17998
2200604	3.00	Male	Male Gender	C46109
2200604	3.00	Unspecified	Unspecified	C38046
2200604	3.00	Female	Female Gender	C46110
2200604	3.00	Not Reported	Not Reported	C43234
2200604	3.00	Intersex	Intersex	C45908
2192217	2.00	Hispanic or Latino	Hispanic or Latino	C17459
2192217	2.00	Not Hispanic or Latino	Not Hispanic or Latino	C41222
2192217	2.00	Not reported	Not Reported	C43234
2192217	2.00	Unknown	Unknown	C17998
2192217	2.00	Not allowed to collect	Not Allowed To Collect	C141478
7572817	1.00	Male	Male	C20197
7572817	1.00	Female	Female	C16576
7572817	1.00	Unknown	Unknown	C17998
7572817	1.00	Decline to answer	Response Declined	C51024
7572817	1.00	Intersex	Intersex	C45908
7572817	1.00	None of these describe me	None of These Describe Me	C177109
7572817	1.00	Prefer not to answer	Prefer Not to Answer	C132222
7572817	1.00	Don't know	Does Not Know	C67142
7572817	1.00	X	Gender Identifier X	C200588
13471160	1.00	Adenomas and Adenocarcinomas	Adenocarcinoma	C2852
13471160	1.00	Adenomas and Adenocarcinomas	And	C37912
13471160	1.00	Adenomas and Adenocarcinomas	Adenoma	C2855
13471160	1.00	Acinar Cell Neoplasms	Acinar Cell Neoplasm	C4197
13471160	1.00	Basal Cell Neoplasms	Basal Cell Neoplasm	C3784
13471160	1.00	Blood Vessel Tumors	Blood Vessel Neoplasm	C7387
13471160	1.00	Ductal and Lobular Neoplasms	Breast Ductal Carcinoma In Situ and Lobular Carcinoma In Situ	C4195
13471160	1.00	Fibroepithelial Neoplasms	Fibroepithelial Neoplasm	C3743
13471160	1.00	Fibromatous Neoplasms	Fibromatosis	C3042
13471160	1.00	Germ Cell Neoplasms	Germ Cell Tumor	C3708
13471160	1.00	Giant Cell Tumors	Giant Cell Tumor	C3055
13471160	1.00	Gliomas	Glioma	C3059
13471160	1.00	Immunoproliferative Diseases	Alpha Heavy Chain Disease	C3132
13471160	1.00	Leukemias	Leukemia	C3161
13471160	1.00	Lipomatous Neoplasms	Lipomatous Neoplasm	C4248
13471160	1.00	Lymphatic Vessel Tumors	Lymphatic Vessel Neoplasm	C3723
13471160	1.00	Mast Cell Neoplasm	Mast Cell Neoplasm	C9295
13471160	1.00	Meningiomas	Meningioma	C3230
13471160	1.00	Mesothelial Neoplasms	Mesothelial Neoplasm	C3786
13471160	1.00	Miscellaneous Tumors	Miscellaneous Neoplasm	C102883
13471160	1.00	Mucoepidermoid Neoplasms	Mucoepidermoid Carcinoma	C3772
13471160	1.00	Myelodysplastic Syndromes	Myelodysplastic Syndrome	C3247
13471160	1.00	Myomatous Neoplasms	Myomatous Neoplasm	C4063
13471160	1.00	Myxomatous Neoplasms	Myxoma	C6577
13471160	1.00	Nerve Sheath Tumors	Nerve Sheath Neoplasm	C4972
13471160	1.00	Neuroepitheliomatous Neoplasms	Neuroepithelial Neoplasm	C3787
13471160	1.00	Not Applicable	Not Applicable	C48660
13471160	1.00	Not Otherwise Specified	Not Otherwise Specified	C19594
13471160	1.00	Not Reported	Not Reported	C43234
13471160	1.00	Odontogenic Tumors	Odontogenic Neoplasm	C3286
13471160	1.00	Plasma Cell Neoplasm	Plasma Cell Neoplasm	C4665
13471160	1.00	Squamous Cell Neoplasms	Squamous Cell Neoplasm	C3792
13471160	1.00	Synovial-like Neoplasms	Synovial Neoplasm	C8964
13471160	1.00	Thymic Epithelial Neoplasms	Combined Thymus Epithelial Neoplasm	C45722
13471160	1.00	Trophoblastic neoplasms	Trophoblastic Tumor	C3422
13471160	1.00	Unknown	Unknown	C17998
13471160	1.00	Adnexal and Skin Appendage Neoplasms	Skin Appendage Neoplasm	C4463
13471160	1.00	Adnexal and Skin Appendage Neoplasms	And	C37912
13471160	1.00	Adnexal and Skin Appendage Neoplasms	Adnexal Carcinoma	C3775
13471160	1.00	Complex Mixed and Stromal Neoplasms	Stromal Neoplasm	C6781
13471160	1.00	Complex Mixed and Stromal Neoplasms	And	C37912
13471160	1.00	Complex Mixed and Stromal Neoplasms	Mixed (Normal and Tumor)	C26457
13471160	1.00	Complex Mixed and Stromal Neoplasms	Complex	C47881
13471160	1.00	Granular Cell Tumors and Alveolar Soft Part Sarcomas	Alveolar Soft Part Sarcoma	C3750
13471160	1.00	Granular Cell Tumors and Alveolar Soft Part Sarcomas	And	C37912
13471160	1.00	Granular Cell Tumors and Alveolar Soft Part Sarcomas	Granular Cell Tumor	C3474
13471160	1.00	Cystic, Mucinous and Serous Neoplasms	Serous Neoplasm	C7074
13471160	1.00	Cystic, Mucinous and Serous Neoplasms	And	C37912
13471160	1.00	Cystic, Mucinous and Serous Neoplasms	Mucinous Neoplasm	C7070
13471160	1.00	Cystic, Mucinous and Serous Neoplasms	Cystic Neoplasm	C6784
13471160	1.00	Miscellaneous Bone Tumors	Bone Neoplasm	C9343
13471160	1.00	Miscellaneous Bone Tumors	Miscellaneous	C69023
13471160	1.00	Neoplasms, NOS	Neoplasm	C3262
13471160	1.00	Neoplasms, NOS	Not Otherwise Specified	C19594
13471160	1.00	Nevi and Melanomas	Melanoma	C3224
13471160	1.00	Nevi and Melanomas	And	C37912
13471160	1.00	Nevi and Melanomas	Melanocytic Nevus	C7570
13471160	1.00	Osseous and Chondromatous Neoplasms	Chondrogenic Neoplasm	C4755
13471160	1.00	Osseous and Chondromatous Neoplasms	And	C37912
13471160	1.00	Osseous and Chondromatous Neoplasms	Osteogenic Neoplasm	C6603
13471160	1.00	Paragangliomas and Glomus Tumors	Glomus Tumor	C3060
13471160	1.00	Paragangliomas and Glomus Tumors	And	C37912
13471160	1.00	Paragangliomas and Glomus Tumors	Paraganglioma	C3308
13471160	1.00	Soft Tissue Tumors and Sarcomas, NOS	Soft Tissue Sarcoma	C9306
13471160	1.00	Soft Tissue Tumors and Sarcomas, NOS	And	C37912
13471160	1.00	Soft Tissue Tumors and Sarcomas, NOS	Soft Tissue Neoplasm	C3377
13471160	1.00	Transitional Cell Papillomas and Carcinomas	Transitional Cell Carcinoma	C2930
13471160	1.00	Transitional Cell Papillomas and Carcinomas	And	C37912
13471160	1.00	Transitional Cell Papillomas and Carcinomas	Transitional Cell Papilloma	C4115
13471160	1.00	Epithelial Neoplasms, NOS	Epithelial Neoplasm	C3709
13471160	1.00	Epithelial Neoplasms, NOS	Not Otherwise Specified	C19594
2847330	1.00	Unspecified	Unspecified	C38046
2847330	1.00	Unknown	Unknown	C17998
2847330	1.00	Dead	Dead	C28554
2847330	1.00	Alive	Alive	C37987
2847330	1.00	Not reported	Not Reported	C43234
14905532	1.00	Unknown	Unknown	C17998
14905532	1.00	Not Reported	Not Reported	C43234
14905532	1.00	Not Otherwise Specified	Not Otherwise Specified	C19594
14905532	1.00	https://evsexplore.semantics.cancer.gov/evsexplore/hierarchy/ncit/C2991	Disease or Disorder	C2991
14905532	1.00	https://evsexplore.semantics.cancer.gov/evsexplore/hierarchy/ncit/C2991	NCI Thesaurus	C43816
14883047	1.00	https://www.ebi.ac.uk/ols4/ontologies/uberon	Uberon	C190111
11325685	1.00	G1	Well Differentiated	C14171
11325685	1.00	G2	Moderately Differentiated	C14162
11325685	1.00	G3	Poorly Differentiated	C14167
11325685	1.00	GX	Grade X	C113730
11325685	1.00	High Grade	High Grade	C14158
11325685	1.00	Intermediate Grade	Intermediate Grade	C28083
11325685	1.00	Low Grade	Low Grade	C14161
11325685	1.00	Not Applicable	Not Applicable	C48660
11325685	1.00	G4	Undifferentiated	C14176
11325685	1.00	GB	Grade B	C113729
11325685	1.00	Not Reported	Not Reported	C43234
11325685	1.00	Unknown	Unknown	C17998
3440331	1.00	cM0 (i+)	cM0 (i+) TNM Finding	C95956
3440331	1.00	M0	M0 TNM Finding	C48699
3440331	1.00	M1	M1 TNM Finding	C48700
3440331	1.00	M1a	M1a TNM Finding	C48701
3440331	1.00	M1b	M1b TNM Finding	C48702
3440331	1.00	M1c	M1c TNM Finding	C48703
3440331	1.00	MX	MX TNM Finding	C48704
3440331	1.00	Unknown	Unknown	C17998
3440331	1.00	Not Reported	Not Reported	C43234
3440330	1.00	N0	N0 TNM Finding	C48705
3440330	1.00	N0 (i+)	pN0 (i+) TNM Finding	C95922
3440330	1.00	N0 (i-)	pN0 (i-) TNM Finding	C95921
3440330	1.00	N0 (mol+)	pN0 (mol+) TNM Finding	C95925
3440330	1.00	N0 (mol-)	pN0 (mol-) TNM Finding	C95923
3440330	1.00	N1	N1 TNM Finding	C48706
3440330	1.00	N1a	Breast Cancer pN1a TNM Finding v6 and v7	C48998
3440330	1.00	N1b	Breast Cancer pN1b TNM Finding v6	C48999
3440330	1.00	N1bI	N1bI Stage Finding	C95929
3440330	1.00	N1bII	N1bII Stage Finding	C95935
3440330	1.00	N1bIII	N1bIII Stage Finding	C95936
3440330	1.00	N1bIV	N1bIV Stage Finding	C95937
3440330	1.00	N1c	Breast Cancer pN1c TNM Finding v6	C49000
3440330	1.00	N1mi	Breast Cancer pN1mi TNM Finding v7	C88353
3440330	1.00	N2	N2 TNM Finding	C48786
3440330	1.00	N2a	N2a TNM Finding	C48711
3440330	1.00	N2b	N2b TNM Finding	C48712
3440330	1.00	N2c	N2c TNM Finding	C48713
3440330	1.00	N3	N3 TNM Finding	C48714
3440330	1.00	N3a	N3a TNM Finding	C48715
3440330	1.00	N3b	N3b TNM Finding	C48716
3440330	1.00	N3c	N3c TNM Finding	C48717
3440330	1.00	N4	N4 TNM Finding	C96026
3440330	1.00	NX	NX TNM Finding	C48718
3440330	1.00	Unknown	Unknown	C17998
3440330	1.00	Not Reported	Not Reported	C43234
3440328	1.00	T0	T0 TNM Finding	C48719
3440328	1.00	T1	T1 TNM Finding	C48720
3440328	1.00	T1a	T1a TNM Finding	C48721
3440328	1.00	T1a1	pT1a TNM Finding	C48760
3440328	1.00	T1a2	Cervical Cancer pT1a2 TNM Finding v7	C89529
3440328	1.00	T1b	T1b TNM Finding	C48722
3440328	1.00	T1b1	Cervical Cancer pT1b1 TNM Finding v7	C89533
3440328	1.00	T1b2	Cervical Cancer pT1b2 TNM Finding v7	C89534
3440328	1.00	T1c	T1c TNM Finding	C48723
3440328	1.00	T1mi	T1mi TNM Finding	C95805
3440328	1.00	T2	T2 TNM Finding	C48724
3440328	1.00	T2a	T2a TNM Finding	C48725
3440328	1.00	T2a1	Cervical Cancer pT2a1 TNM Finding v7	C89537
3440328	1.00	T2a2	Cervical Cancer pT2a2 TNM Finding v7	C89538
3440328	1.00	T2b	T2b TNM Finding	C48726
3440328	1.00	T2c	T2c TNM Finding	C48727
3440328	1.00	T3	T3 TNM Finding	C48728
3440328	1.00	T3a	T3a TNM Finding	C48729
3440328	1.00	T3b	T3b TNM Finding	C48730
3440328	1.00	T3c	T3c TNM Finding	C48731
3440328	1.00	T4	T4 TNM Finding	C48732
3440328	1.00	T4a	T4a TNM Finding	C48733
3440328	1.00	T4b	T4b TNM Finding	C48734
3440328	1.00	T4c	T4c TNM Finding	C48735
3440328	1.00	T4d	T4d TNM Finding	C48736
3440328	1.00	Ta	pTa TNM Finding	C96025
3440328	1.00	Tis	Breast Cancer pTis TNM Finding v6 and v7	C48974
3440328	1.00	Tis (DCIS)	Breast Ductal Carcinoma In Situ	C2924
3440328	1.00	Tis (DCIS)	pTis TNM Finding	C48738
3440328	1.00	Tis (LCIS)	Breast Lobular Carcinoma In Situ	C4018
3440328	1.00	Tis (LCIS)	pTis TNM Finding	C48738
3440328	1.00	Tis (Paget's)	Breast Paget Disease without Invasive Carcinoma	C47858
3440328	1.00	Tis (Paget's)	pTis TNM Finding	C48738
3440328	1.00	TX	TX TNM Finding	C48737
3440328	1.00	T2d	Melanoma of the Ciliary Body and Choroid pT2d TNM Finding v7	C88695
3440328	1.00	T4e	Melanoma of the Ciliary Body and Choroid pT4e TNM Finding v7	C88706
3440328	1.00	T3d	Melanoma of the Ciliary Body and Choroid pT3d TNM Finding v7	C88700
3440328	1.00	T5	T5 TNM Finding	C132010
3440328	1.00	Unknown	Unknown	C17998
3440328	1.00	Not Reported	Not Reported	C43234
13529783	2.00	Yes	Yes	C49488
13529783	2.00	Unknown	Unknown	C17998
13529783	2.00	Not Reported	Not Reported	C43234
13529783	2.00	Not Applicable	Not Applicable	C48660
13529783	2.00	Not Allowed to Collect	Not Allowed To Collect	C141478
13529783	2.00	No	No	C49487
13529783	2.00	Censored	Censored Data	C207035
12447172	1.00	Biochemical evidence of disease without structural correlate	Biochemical Evidence of Disease without Structural Correlate	C165197
12447172	1.00	Tumor Free	Tumor Free	C156848
12447172	1.00	Unknown	Unknown	C17998
12447172	1.00	With Tumor	With Tumor	C156849
12447172	1.00	Not Reported	Not Reported	C43234
12447172	1.00	Not Applicable	Not Applicable	C48660
12447172	1.00	Not Allowed To Collect	Not Allowed To Collect	C141478
12447172	1.00	Distant Metastasis	Distant Metastasis	C18206
12447172	1.00	Localized Disease	Localized Disease	C36162
12447172	1.00	Regional Disease	Regional Disease	C41844
12447172	1.00	New Tumor Event	New Tumor Event	C200667
14883058	1.00	https://www.ebi.ac.uk/ols4/ontologies/uberon	Uberon	C190111
14883054	1.00	https://www.ebi.ac.uk/ols4/ontologies/uberon	Uberon	C190111
14737565	1.00	Targeted Molecular Therapy	Targeted Molecular Therapy	C76243
14737565	1.00	Immunotherapy	Immunotherapy	C15262
14737565	1.00	Hormone Therapy	Hormone Therapy	C15445
14737565	1.00	Chemotherapy	Chemotherapy	C15632
14737565	1.00	External Beam Radiation Therapy	External Beam Radiation Therapy	C15751
14737565	1.00	Stereotactic Radiosurgery	Stereotactic Radiosurgery	C15358
14737565	1.00	Surgical Procedure	Surgical Procedure	C15329
14737565	1.00	Stereotactic Body Radiation Therapy	Stereotactic Body Radiation Therapy	C118286
14737565	1.00	Proton Beam Radiation Therapy	Proton Beam Radiation Therapy	C66897
14737565	1.00	Intensity-Modulated Radiation Therapy	Intensity-Modulated Radiation Therapy	C16135
14737565	1.00	Low-Dose Rate Brachytherapy	Low-Dose Rate Brachytherapy	C85254
14737565	1.00	High-Dose Rate Brachytherapy	High-Dose Rate Brachytherapy	C15651
14737565	1.00	3-Dimensional Conformal Radiation Therapy	3-Dimensional Conformal Radiation Therapy	C16035
14737565	1.00	Unknown	Unknown	C17998
14737565	1.00	Radiofrequency Ablation	Radiofrequency Ablation	C15666
14737565	1.00	Concurrent Chemoradiation	Concurrent Chemoradiation	C141342
14737565	1.00	Pharmacotherapy	Pharmacotherapy	C15986
14737565	1.00	Allogeneic Hematopoietic Stem Cell Transplantation	Allogeneic Hematopoietic Stem Cell Transplantation	C46089
14737565	1.00	Autologous Stem Cell Transplantation	Autologous Hematopoietic Stem Cell Transplantation	C16039
14737565	1.00	Not Reported	Not Reported	C43234
14737565	1.00	Conventional Radiotherapy	Conventional Radiotherapy	C165189
14737565	1.00	Radiation Therapy	Radiation Therapy	C15313
14737565	1.00	Radiopharmaceutical	Radiopharmaceutical Therapy	C192439
14737565	1.00	Photon Beam Radiation Therapy	Photon Beam Radiation Therapy	C104914
14737565	1.00	Brachytherapy	Brachytherapy	C15195
14737565	1.00	Cellular Therapy	Cellular Therapy	C70601
14737565	1.00	Stem Cell Transplant	Hematopoietic Cell Transplantation	C15431
14737565	1.00	Electron Beam Radiation Therapy	Electron Beam Therapy	C15650
14737565	1.00	Organ Transplantation	Organ Transplantation	C15289
14737565	1.00	Palliative Care	Palliative Therapy	C15292
14913015	1.00	https://evsexplore.semantics.cancer.gov/evsexplore/hierarchy/ncit/C1913	Drug or Chemical by Structure	C1913
14913015	1.00	https://evsexplore.semantics.cancer.gov/evsexplore/hierarchy/ncit/C1913	NCI Thesaurus	C43816
14913015	1.00	Not Otherwise Specified	Not Otherwise Specified	C19594
14913015	1.00	Unknown	Unknown	C17998
14913015	1.00	Not Reported	Not Reported	C43234
14913015	1.00	https://evsexplore.semantics.cancer.gov/evsexplore/hierarchy/ncit/C1909	Pharmacologic Substance	C1909
14913015	1.00	https://evsexplore.semantics.cancer.gov/evsexplore/hierarchy/ncit/C1909	NCI Thesaurus	C43816
13383448	1.00	Partial Response	Partial Remission	C18058
13383448	1.00	Stable Disease	Stable Disease	C18213
13383448	1.00	Progressive Disease	Progressive Disease	C35571
13383448	1.00	No Evidence of Disease	No Evidence of Disease	C40413
13383448	1.00	Not Reported	Not Reported	C43234
13383448	1.00	Not Applicable	Not Applicable	C48660
13383448	1.00	Not Evaluable	Unevaluable	C62222
13383448	1.00	Unknown	Unknown	C17998
13383448	1.00	Persistent Disease	Persistent Disease	C90169
13383448	1.00	No Response	No Response	C123600
13383448	1.00	Complete Response	Global Complete Response	C159946
11253427	1.00	https://bioportal.bioontology.org/ontologies/OBIB/?p=classes&conceptid=http%3A%2F%2Fpurl.obolibrary.org%2Fobo%2FOBI_0100051	Ontology for Biobanking	C191989
12445832	1.00	Analyte	Analyte	C128639
12445832	1.00	Blood	Blood	C12434
12445832	1.00	Ascites	Peritoneal Effusion	C2885
12445832	1.00	Bone Marrow	Bone Marrow	C12431
12445832	1.00	Cells	Cell	C12508
12445832	1.00	Stool	Feces	C13234
12445832	1.00	Body Fluid or Substance	Body Fluid or Substance	C13236
12445832	1.00	Sputum	Sputum	C13278
12445832	1.00	Urine	Urine	C13283
12445832	1.00	Tissue	Tissue	C12801
12445832	1.00	Mouth Rinse	Mouth Rinse Specimen	C198712
12445832	1.00	Not Reported	Not Reported	C43234
12445832	1.00	Unknown	Unknown	C17998
12445832	1.00	Xenograft	Xenograft	C12932
12445832	1.00	Skin	Skin	C12470
12445832	1.00	Saliva	Saliva	C13275
12445832	1.00	RNA	Ribonucleic Acid	C812
12445832	1.00	DNA	DNA	C449
12445832	1.00	Central Nervous System	Central Nervous System	C12438
12445832	1.00	Cell Line	Cell Line	C16403
14688604	1.00	Peritumoral	Tumor-Adjacent Normal Specimen	C164032
14688604	1.00	Not Reported	Not Reported	C43234
14688604	1.00	Tumor	Tumor Tissue Sample	C18009
14688604	1.00	Normal	Normal Tissue Sample	C162623
14688604	1.00	Unknown	Unknown	C17998
12083894	1.00	https://www.ebi.ac.uk/ols4/ontologies/uberon	Uberon	C190111
11416926	1.00	ADF	Array Design Format	C172213
11416926	1.00	AVI	AVI Format	C190162
11416926	1.00	BAI	BAI File	C190163
11416926	1.00	BAM	Binary Alignment Map	C153249
11416926	1.00	BED	BED Format	C153367
11416926	1.00	bedgraph	Bedgraph Format	C190165
11416926	1.00	bigBed	BigBed Format	C190166
11416926	1.00	bigWig	BigWig Format	C190167
11416926	1.00	Binary Format	Binary Format	C190168
11416926	1.00	BCR Biotab	BCR Biotab Format	C190164
11416926	1.00	BIOM	BIOM Format	C190169
11416926	1.00	CRAM	CRAM Format	C190170
11416926	1.00	CSV	Comma Separated Values Format	C182456
11416926	1.00	DOCX	DOCX Format	C190171
11416926	1.00	DSV	DSV Format	C190172
11416926	1.00	FASTA	FASTA Format	C47845
11416926	1.00	FASTQ	Investigation Description Format	C172212
11416926	1.00	GCT/Res Format	GCT/RES Format	C190173
11416926	1.00	DICOM	DICOM	C49059
11416926	1.00	GenBank Format	GenBank Format	C190174
11416926	1.00	GFF3	General Feature Format Version 3	C190175
11416926	1.00	GPR	GenePix Results Format	C190176
11416926	1.00	GTF	GTF Format	C190177
11416926	1.00	HDF5	Hierarchical Data Format 5	C184763
11416926	1.00	HTML	Hypertext Markup Language	C142380
11416926	1.00	GZIP Format	gzip File Format	C80220
11416926	1.00	MAGE-TAB	MAGE-TAB	C82937
11416926	1.00	MAT	MAT Format	C190178
11416926	1.00	MPEG-4	MP4 Format	C190180
11416926	1.00	mzML	Mass Spectrometry Markup Language	C190181
11416926	1.00	mzXML	Mass Spectrometry Extensible Markup Language	C47924
11416926	1.00	NIFTI Format	NIfTI Format	C190183
11416926	1.00	MATLAB Script	MATLAB Script File	C190179
11416926	1.00	OME-TIFF	Open Microscopy Environment Tagged Image File Format	C181618
11416926	1.00	PDF	Portable Document Format	C63805
11416926	1.00	Plain Text Data Format	Plain Text Data Format	C85873
11416926	1.00	PNG	Portable Network Graphics	C85437
11416926	1.00	R File Format	R Format	C190186
11416926	1.00	R Markdown	R Markdown Format	C190187
11416926	1.00	SDRF	Sample and Data Relationship Format	C172211
11416926	1.00	Sequence Record Format	Sequence Record Format	C190188
11416926	1.00	SVG	Scalable Vector Graphics	C85435
11416926	1.00	Python Script Format	Python Script Format	C190184
11416926	1.00	SVS	Spectral View Settings Format	C172214
11416926	1.00	TAR	TAR Format	C190189
11416926	1.00	Thermo RAW	Thermo RAW Format	C190190
11416926	1.00	TSV	Tab-Separated Value Format	C164049
11416926	1.00	TXT	Plain Text Data Format	C85873
11416926	1.00	VCF	Variant Call File Format	C172216
11416926	1.00	XLS	XLS Format	C190191
11416926	1.00	XLSX	Excel Open XML Format	C164050
11416926	1.00	XML	Extensible Markup Language	C45967
11416926	1.00	TIFF	TIFF	C70631
11416926	1.00	YAML	YAML Language	C190193
11416926	1.00	ZIP	ZIP Format	C190192
11416926	1.00	IDAT	IDAT Format	C184762
11416926	1.00	IDF	Investigation Description Format	C172212
11416926	1.00	JPEG	JPEG	C48230
11416926	1.00	JPEG 2000	JPEG 2000 Format	C184768
11416926	1.00	JSON	JSON Format	C184769
11416926	1.00	MAF	Mutation Annotation Format	C172215
11416926	1.00	CEL	Affymetrix CEL Format	C191737
11416926	1.00	CRAI	CRAI File	C192224
11416926	1.00	MEX	MEX Format	C184778
11416926	1.00	mzIdentML	mzIdentML	C201788
11416926	1.00	mtx	mtx	C201789
11416926	1.00	BEDPE Format	BEDPE Format	C184749
11416926	1.00	HIC	HIC File Format	C203672
11416926	1.00	gVCF	Genomic Variant Call Format	C204352
11416926	1.00	HTSeq Count	HTSeq-Count Output Format	C205749
11416926	1.00	TBI	TBI Format	C184806
11416926	1.00	RTF	Rich Text Format	C209896
11416926	1.00	SEG	Segmented Data Format	C209892
11416926	1.00	PED	Pedigree File Format	C209891
11416926	1.00	cdf	Affymetrix Probe Sets Library File	C209894
11416926	1.00	DICT	HET Group Dictionary Entry Format	C209890
11416926	1.00	CNS	Cytoscape Input File Format	C209889
11416926	1.00	rds	Reference Data Set File Format	C209895
11416926	1.00	idpDB	IDPicker File Format	C209893
11416926	1.00	DOC	DOC Format	C210442
12373576	1.00	scRNA-Seq	Single Cell RNA Sequencing	C171152
12373576	1.00	RNA-Seq	Whole Transcriptome Sequencing	C124261
12373576	1.00	WXS	Whole Exome Sequencing	C101295
12373576	1.00	Pathological	Pathologic Examination	C125006
12373576	1.00	WGA	Whole Genome Amplification	C19590
12373576	1.00	Bisulfite-Seq	Bisulfite Sequencing	C106054
12373576	1.00	Radiological	Radiology	C17059
12373576	1.00	Methylation Array	DNA Methylation Array	C165222
12373576	1.00	Archer Fusion	Archer Gene Fusion Panel Assay	C192632
12373576	1.00	DNA-Seq	DNA Sequencing	C153598
12373576	1.00	Methylation Analysis	Methylation Analysis	C190764
11595478	1.00	Sample	Biospecimen	C70699
11595478	1.00	Participant	Study Participant	C142710
11595478	1.00	Study	Study	C63536
11556322	1.00	0	Zero	C70430
11556322	1.00	10	Ten	C69122
11556322	1.00	9	Nine	C66840
11556322	1.00	8	Eight	C66839
11556322	1.00	7	Seven	C66838
11556322	1.00	6	Six	C66837
11556322	1.00	5	Five	C66836
11556322	1.00	4	Four	C66835
11556322	1.00	3	Three	C66834
11556322	1.00	2	Two	C66833
11556322	1.00	1	One	C66832
6273393	1.00	FINISHING	Finish Sequencing	C204818
6273393	1.00	FAIRE-seq	FAIRE-Seq	C106051
6273393	1.00	EST	EST Library	C16208
6273393	1.00	DNase-Hypersensitivity	DNase-Seq	C106052
6273393	1.00	CTS	Concatenated Tag Sequencing	C204816
6273393	1.00	Other	Other	C17649
6273393	1.00	WXS	Whole Exome Sequencing	C101295
6273393	1.00	WGS	Whole Genome Sequencing	C101294
6273393	1.00	CLONE	Clone-Based Sequencing	C204814
6273393	1.00	CLONEEND	Clone End Sequencing	C204815
6273393	1.00	ChIP-Seq	ChIP-Seq	C106049
6273393	1.00	ChIA-PET	Chromatin Interaction Analysis with Paired-End Tag	C172845
6273393	1.00	Bisulfite-Seq	Bisulfite Sequencing	C106054
6273393	1.00	ATAC-Seq	ATAC-Seq	C156056
6273393	1.00	AMPLICON	Amplicon Sequencing	C204813
6273393	1.00	WGA	Whole Genome Amplification	C19590
6273393	1.00	WCS	Whole Chromosome Random Shotgun Sequencing	C204831
6273393	1.00	Tn-Seq	Transposon Sequencing	C204830
6273393	1.00	Tethered Chromatin Conformation Capture	Tethered Chromatin Conformation Capture Sequencing	C204829
6273393	1.00	Targeted-Capture	Targeted Capture Sequencing	C204828
6273393	1.00	Synthetic-Long-Read	Synthetic Long-Read Sequencing	C204827
6273393	1.00	ssRNA-seq	Strand-Specific RNA Sequencing	C172859
6273393	1.00	SELEX	Systematic Evolution of Ligands by Exponential Enrichment	C204826
6273393	1.00	RNA-Seq	Whole Transcriptome Sequencing	C124261
6273393	1.00	RIP-Seq	Direct Sequencing of RNA Immunoprecipitates	C204825
6273393	1.00	RAD-Seq	Restriction-site Associated DNA Sequencing	C204824
6273393	1.00	POOLCLONE	Pooled DNA Sequencing	C204823
6273393	1.00	ncRNA-Seq	Non-Coding RNA Sequencing	C172858
6273393	1.00	MRE-Seq	Methylation-Sensitive Restriction Enzyme Sequencing	C204822
6273393	1.00	MNase-Seq	MNase Sequencing	C106056
6273393	1.00	miRNA-Seq	MicroRNA Sequencing	C156057
6273393	1.00	MeDIP-Seq	Methylated DNA Immunoprecipitation Sequencing	C204821
6273393	1.00	MBD-Seq	Methyl-binding Domain Sequencing	C204820
6273393	1.00	Hi-C	Hi-C Sequencing	C204819
6273393	1.00	FL-cDNA	Full-length cDNA Sequencing	C204817
6273393	1.00	snATAC-Seq	Single Nucleus ATAC-Seq	C198496
6273393	1.00	DNA-Seq	DNA Sequencing	C153598
6273393	1.00	scMultiome	Single-cell Multiome Analysis	C205123
6273393	1.00	Spatial-tx	Spatial Transcriptome Analysis	C205121
11527735	1.00	Paired-End	Paired-End Sequencing	C150423
11527735	1.00	Single-indexed	Single-indexed Sequencing	C165444
6285979	1.00	Viral RNA	Viral Small RNA	C101143
6285979	1.00	Other	Source	C25683
6285979	1.00	Other	Other	C17649
6285979	1.00	Other	Sequencing Library	C148073
6285979	1.00	Genomic DNA	Genomic DNA	C95940
6285979	1.00	Single-nuclei	Single Nucleus Specimen	C178227
6285979	1.00	Single-cells	Single Cell Specimen	C178226
6285979	1.00	Bulk tissue	Bulk Tissue Specimen	C178225
6285979	1.00	Bulk nuclei	Bulk Nucleus Specimen	C178224
6285979	1.00	Bulk cells	Bulk Cell Specimen	C178223
6285979	1.00	RNA	Ribonucleic Acid	C812
6285979	1.00	Not Reported	Not Reported	C43234
6347743	1.00	cDNA	cDNA	C324
6347743	1.00	Other	Method	C71460
6347743	1.00	Other	Sequencing Library	C148073
6347743	1.00	Other	Other	C17649
6347743	1.00	Restriction Digest	Multiple Complete Digest Restriction Fragment Mapping	C116160
6347743	1.00	DNAse	MNase Sequencing	C106056
6347743	1.00	Unspecified	Method	C71460
6347743	1.00	Unspecified	Sequencing Library	C148073
6347743	1.00	Unspecified	Unspecified	C38046
6347743	1.00	ChIP	Chromatin Immunoprecipitation	C106048
6347743	1.00	RT-PCR	Reverse Transcriptase-Polymerase Chain Reaction	C18136
6347743	1.00	PCR	Polymerase Chain Reaction	C17003
6347743	1.00	miRNA Size Fractionation	miRNA Size Fractionated Genomic Library	C163991
6347743	1.00	rRNA Depletion	rRNA Depleted Genomic Library	C163990
6347743	1.00	Poly-T Enrichment	Poly-A Enriched Genomic Library	C163988
6347743	1.00	Affinity Enrichment	Enrichment	C154307
6347743	1.00	Affinity Enrichment	Affinity	C20604
6347743	1.00	Not applicable	Not Applicable	C48660
6347743	1.00	MNase	MNase Sequencing	C106056
6347743	1.00	PolyA	RNA Polyadenylation	C18947
6347771	1.00	Capillary	Applied Biosystems Capillary Sequencing	C198570
6347771	1.00	ABI Solid	ABI SOLiD Sequencing	C146811
6347771	1.00	BGISEQ	BGISEQ-500 Sequencing	C146812
6347771	1.00	Complete Genomics	Complete Genomics Sequencing	C146815
6347771	1.00	Helicos	Helicos Sequencing	C146816
6347771	1.00	Illumina	Illumina Sequencing	C146817
6347771	1.00	Ion Torrent	Ion Semiconductor Sequencing	C125894
6347771	1.00	LS 454	454 Sequencing	C146809
6347771	1.00	Oxford Nanopore	Nanopore Sequencing	C146818
6347771	1.00	PacBio SMRT	SMRT Sequencing	C146819
6347771	1.00	Ultima	Ultima Sequencing Platform	C203671
14808227	1.00	Bulk Nuclei	Bulk Nucleus Specimen	C178224
14808227	1.00	Bulk Tissue	Bulk Tissue Specimen	C178225
14808227	1.00	Not Reported	Not Reported	C43234
14808227	1.00	Single-cells	Cell Suspension for Single-Cell Assay	C204464
14808227	1.00	Single-nuclei	Nuclei Suspension for Single-Nuclei Assay	C204465
14808227	1.00	Bulk Cells	Bulk Cell Specimen	C178223
14808232	1.00	Genomic DNA	Genomic DNA	C95940
14808232	1.00	Metagenomic	Metagenomic	C201925
14808232	1.00	Metatranscriptomic	Metatranscriptomic	C201926
14808232	1.00	Transcriptomic	Transcriptomics	C153189
14808232	1.00	Not Reported	Not Reported	C43234
14808232	1.00	Viral RNA	Viral RNA	C204811
14607284	1.00	Manual	Manual	C63513
14607284	1.00	Semiautomatic	Semi-Automatic	C172484
14607284	1.00	Automatic	Automatic	C70669
14607284	1.00	Not Applicable	Not Applicable	C48660
10543100	2.00	https://www.ncbi.nlm.nih.gov/taxonomy	NCBI Taxonomy	C205300
12137353	1.00	OP	Ophthalmic Photography	C190559
12137353	1.00	OT	Other	C17649
12137353	1.00	PR	DICOM Presentation State	C190587
12137353	1.00	PT	Positron Emission Tomography	C17007
12137353	1.00	PX	Orthopantomogram	C150663
12137353	1.00	RF	Fluoroscopy	C16588
12137353	1.00	RG	X-Ray Imaging	C38101
12137353	1.00	RTDOSE	Radiation Dose	C190594
12137353	1.00	RTIMAGE	Radiograph	C60727
12137353	1.00	RTPLAN	Radiotherapy Plan	C190595
12137353	1.00	RTRECORD	Radiation Therapy Record	C190604
12137353	1.00	RTSTRUCT	Radiotherapy Structure Set	C190605
12137353	1.00	SM	Slide Microscopy	C190609
12137353	1.00	SMR	Stereometric Image Relationship	C190610
12137353	1.00	SR	Structured Report Document	C190611
12137353	1.00	ST	Single Photon Emission Computed Tomography	C17203
12137353	1.00	TG	Thermal Tomography	C190616
12137353	1.00	BI	Biomagnetic Imaging	C190517
12137353	1.00	AS	Angioscopy	C190510
12137353	1.00	AU	Audio Acquisition	C190513
12137353	1.00	CD	Color Flow Doppler Ultrasound Imaging	C190518
12137353	1.00	CP	Colposcopy	C16451
12137353	1.00	CR	Computed Radiography	C190521
12137353	1.00	US	Ultrasound Imaging	C17230
12137353	1.00	XA	X-ray Angiography	C20080
12137353	1.00	XC	External-Camera Photography	C190619
12137353	1.00	CS	Cystoscopy	C16482
12137353	1.00	CT	Computed Tomography	C17204
12137353	1.00	DD	Duplex Ultrasound	C190534
12137353	1.00	DG	Diaphanography	C18151
12137353	1.00	DM	Digital Microscopy	C190537
12137353	1.00	DX	Digital Radiography	C18001
12137353	1.00	EC	Echocardiography	C16525
12137353	1.00	EPS	Cardiac Electrophysiology Study	C80414
12137353	1.00	ES	Endoscopic Procedure	C16546
12137353	1.00	FA	Fluorescein Angiography	C190541
12137353	1.00	FS	Ophthalmoscopy	C120698
12137353	1.00	GM	Microscopy	C16853
12137353	1.00	HC	Hard Copy	C190542
12137353	1.00	HD	Hemodynamic Waveform Analysis	C190544
12137353	1.00	IO	Intraoral Radiography	C190548
12137353	1.00	IVUS	Intravascular Ultrasound	C99535
12137353	1.00	KO	Key Object Selection	C190552
12137353	1.00	LP	Laparoscopy	C16969
12137353	1.00	LS	Laser Surface Scan	C190554
12137353	1.00	MA	Magnetic Resonance Angiography	C190557
12137353	1.00	MG	Mammography	C16818
12137353	1.00	MR	Magnetic Resonance Imaging	C16809
12137353	1.00	AR	Autorefraction	C176330
12137353	1.00	ASMT	Content Assessment Result	C190511
12137353	1.00	BDUS	Ultrasound Bone Densitometry	C190516
12137353	1.00	BMD	Bone Mineral Densitometry	C190514
12137353	1.00	CTPROTOCOL	CT Protocol	C190533
12137353	1.00	DMS	Dermoscopy	C116478
12137353	1.00	DOC	Document	C19498
12137353	1.00	EEG	Electroencephalography	C38054
12137353	1.00	EMG	Electromyography	C38056
12137353	1.00	EOG	Electrooculography	C190539
12137353	1.00	FID	Fiducial Marker	C82602
12137353	1.00	IOL	Intraocular Lens Power Calculation	C190549
12137353	1.00	IVOCT	Intravascular Optical Coherence Tomography	C190550
12137353	1.00	KER	Keratometry	C190551
12137353	1.00	LEN	Lensometry	C190553
12137353	1.00	M3D	Model for 3D Manufacturing	C190555
12137353	1.00	OAM	Ophthalmic Axial Measurement	C190558
12137353	1.00	OCT	Optical Coherence Tomography	C20828
12137353	1.00	OPM	Ophthalmic Mapping	C190560
12137353	1.00	OPT	Ophthalmic Tomography	C190561
12137353	1.00	OPTBSV	Ophthalmic Tomography B-Scan Volume Analysis	C190562
12137353	1.00	OPTENF	En-face Optical Coherence Tomography	C190563
12137353	1.00	OPV	Static Perimetry	C174334
12137353	1.00	OSS	Optical Surface Scanner	C190564
12137353	1.00	PLAN	Plan	C25619
12137353	1.00	POS	Body Position Sensor	C190586
12137353	1.00	REG	Image Registration	C80145
12137353	1.00	RESP	Respiratory Waveform	C190589
12137353	1.00	RWV	Real World Value Mapping	C190606
12137353	1.00	SEG	Image Segmentation	C80146
12137353	1.00	SRF	Subjective Refraction	C190612
12137353	1.00	STAIN	Automated Slide Stainer	C190614
12137353	1.00	TEXTUREMAP	Texture Map	C190615
12137353	1.00	VA	Visual Acuity	C87149
12137353	1.00	ECG	Electrocardiography	C38053
12137353	1.00	NM	Radionuclide Imaging	C62667
6161035	1.00	Accessory sinus, NOS	Paranasal Sinus	C12763
6161035	1.00	Abdominal esophagus	Abdominal Esophagus	C12252
6161035	1.00	Ascending colon	Ascending Colon	C12265
6161035	1.00	Appendix	Appendix	C12380
6161035	1.00	Aortic body and other paraganglia	Paraganglion	C94826
6161035	1.00	Aortic body and other paraganglia	Other	C17649
6161035	1.00	Aortic body and other paraganglia	And	C37912
6161035	1.00	Aortic body and other paraganglia	Aortic Body	C97112
6161035	1.00	Anterior wall of nasopharynx	Anterior Wall of the Nasopharynx	C12245
6161035	1.00	Anterior wall of bladder	Anterior Wall of the Bladder	C12334
6161035	1.00	Anterior surface of epiglottis	Anterior Surface of the Epiglottis	C12238
6161035	1.00	Anterior mediastinum	Anterior Mediastinum	C32098
6161035	1.00	Anterior floor of mouth	Floor of Mouth	C54187
6161035	1.00	Anterior floor of mouth	Anterior	C25231
6161035	1.00	Anal canal	Anal Canal	C12375
6161035	1.00	Ampulla of Vater	Ampulla of Vater	C13011
6161035	1.00	Gum, NOS	Gingiva	C32677
6161035	1.00	Gum, NOS	Not Otherwise Specified	C19594
6161035	1.00	Greater curvature of stomach, NOS	Greater Curvature of the Stomach	C12262
6161035	1.00	Greater curvature of stomach, NOS	Not Otherwise Specified	C19594
6161035	1.00	Glottis	Glottis	C12724
6161035	1.00	Glans penis	Glans Penis	C12324
6161035	1.00	Gastrointestinal tract, NOS	Gastrointestinal Tract	C34082
6161035	1.00	Gastrointestinal tract, NOS	Not Otherwise Specified	C19594
6161035	1.00	Bone, NOS	Bone	C12366
6161035	1.00	Bone, NOS	Not Otherwise Specified	C19594
6161035	1.00	Bone marrow	Bone Marrow	C12431
6161035	1.00	Body of stomach	Body of Stomach	C12258
6161035	1.00	Body of penis	Body of the Penis	C12325
6161035	1.00	Body of pancreas	Body of the Pancreas	C12270
6161035	1.00	Blood	Blood	C12434
6161035	1.00	Bladder neck	Bladder Neck	C12336
6161035	1.00	Biliary tract, NOS	Biliary Tract	C12678
6161035	1.00	Biliary tract, NOS	Not Otherwise Specified	C19594
6161035	1.00	Base of tongue, NOS	Base of Tongue	C12228
6161035	1.00	Base of tongue, NOS	Not Otherwise Specified	C19594
6161035	1.00	Conjunctiva	Conjunctiva	C12341
6161035	1.00	Commissure of lip	Commissure of the Lip	C12227
6161035	1.00	Colon, NOS	Colon	C12382
6161035	1.00	Colon, NOS	Not Otherwise Specified	C19594
6161035	1.00	Cloacogenic zone	Anal Transitional Zone	C32072
6161035	1.00	Clitoris	Clitoris	C12308
6161035	1.00	Ciliary body	Ciliary Body	C12345
6161035	1.00	Choroid	Choroid	C12344
6161035	1.00	Cheek mucosa	Buccal Mucosa	C12505
6161035	1.00	Cervix uteri	Cervix Uteri	C12311
6161035	1.00	Cervical esophagus	Cervical Esophagus	C12250
6161035	1.00	Cerebrum	Cerebral Hemisphere	C12351
6161035	1.00	Cerebral meninges	Cerebral Meninges	C12349
6161035	1.00	Cerebellum, NOS	Cerebellum	C12445
6161035	1.00	Cerebellum, NOS	Not Otherwise Specified	C19594
6161035	1.00	Cecum	Cecum	C12381
6161035	1.00	Abdomen, NOS	Abdomen	C12664
6161035	1.00	Abdomen, NOS	Not Otherwise Specified	C19594
6161035	1.00	Acoustic nerve	Cochlear Nerve	C12697
6161035	1.00	Adrenal gland, NOS	Adrenal Gland	C12666
6161035	1.00	Adrenal gland, NOS	Not Otherwise Specified	C19594
6161035	1.00	Anus, NOS	Anus	C43362
6161035	1.00	Anus, NOS	Not Otherwise Specified	C19594
6161035	1.00	Autonomic nervous system, NOS	Autonomic Nervous System	C12673
6161035	1.00	Autonomic nervous system, NOS	Not Otherwise Specified	C19594
6161035	1.00	Dorsal surface of tongue, NOS	Tongue	C12422
6161035	1.00	Dorsal surface of tongue, NOS	Surface	C25245
6161035	1.00	Dorsal surface of tongue, NOS	Dorsal	C45874
6161035	1.00	Dorsal surface of tongue, NOS	Not Otherwise Specified	C19594
6161035	1.00	Dome of bladder	Dome of the Bladder	C12332
6161035	1.00	Descending colon	Descending Colon	C12268
6161035	1.00	Descended testis	Testis	C12412
6161035	1.00	Descended testis	Descend	C61573
6161035	1.00	Craniopharyngeal duct	Craniopharyngeal Duct	C12357
6161035	1.00	Cranial nerve, NOS	Cranial Nerve	C12700
6161035	1.00	Cranial nerve, NOS	Not Otherwise Specified	C19594
6161035	1.00	Cortex of adrenal gland	Adrenal Cortex	C12396
6161035	1.00	Corpus uteri	Corpus Uteri	C12316
6161035	1.00	Cornea, NOS	Cornea	C12342
6161035	1.00	Cornea, NOS	Not Otherwise Specified	C19594
6161035	1.00	Bones of skull and face and associated joints	Bone	C12366
6161035	1.00	Bones of skull and face and associated joints	Joint	C13044
6161035	1.00	Bones of skull and face and associated joints	Associated	C25281
6161035	1.00	Bones of skull and face and associated joints	And	C37912
6161035	1.00	Bones of skull and face and associated joints	Skull	C12789
6161035	1.00	Bones of skull and face and associated joints	Face	C13071
6161035	1.00	Cauda equina	Cauda Equina	C12689
6161035	1.00	Carotid body	Carotid Body	C66852
6161035	1.00	Cardia, NOS	Gastric Cardia	C12256
6161035	1.00	Cardia, NOS	Not Otherwise Specified	C19594
6161035	1.00	Broad ligament	Broad Ligament	C12318
6161035	1.00	Breast, NOS	Breast	C12971
6161035	1.00	Breast, NOS	Not Otherwise Specified	C19594
6161035	1.00	Branchial cleft	Branchial Cleft Remnant	C104813
6161035	1.00	Brain, NOS	Brain	C12439
6161035	1.00	Brain, NOS	Not Otherwise Specified	C19594
6161035	1.00	Brain stem	Brain Stem	C12441
6161035	1.00	Border of tongue	Tongue	C12422
6161035	1.00	Border of tongue	Anatomic Border	C25439
6161035	1.00	Ethmoid sinus	Ethmoid Sinus	C12276
6161035	1.00	Esophagus, NOS	Esophagus	C12389
6161035	1.00	Esophagus, NOS	Not Otherwise Specified	C19594
6161035	1.00	Epididymis	Epididymis	C12328
6161035	1.00	Endometrium	Endometrium	C12313
6161035	1.00	Endocrine gland, NOS	Endocrine Gland	C12704
6161035	1.00	Endocrine gland, NOS	Not Otherwise Specified	C19594
6161035	1.00	Endocervix	Endocervix	C12309
6161035	1.00	Duodenum	Duodenum	C12263
6161035	1.00	Eyelid	Eyelid	C12713
6161035	1.00	Eye, NOS	Eye	C12401
6161035	1.00	Eye, NOS	Not Otherwise Specified	C19594
6161035	1.00	Extrahepatic bile duct	Extrahepatic Bile Duct	C32573
6161035	1.00	External upper lip	External Upper Lip	C12221
6161035	1.00	External lower lip	External Lower Lip	C12222
6161035	1.00	External lip, NOS	External Lip	C12223
6161035	1.00	External lip, NOS	Not Otherwise Specified	C19594
6161035	1.00	External ear	External Ear	C12292
6161035	1.00	Exocervix	Ectocervix	C12310
6161035	1.00	Fundus uteri	Fundus Uteri	C12315
6161035	1.00	Fundus of stomach	Fundus of the Stomach	C12257
6161035	1.00	Frontal sinus	Frontal Sinus	C12277
6161035	1.00	Frontal lobe	Frontal Lobe	C12352
6161035	1.00	Floor of mouth, NOS	Floor of Mouth	C54187
6161035	1.00	Floor of mouth, NOS	Not Otherwise Specified	C19594
6161035	1.00	Fallopian tube	Fallopian Tube	C12403
6161035	1.00	Lymph node, NOS	Lymph Node	C12745
6161035	1.00	Lymph node, NOS	Not Otherwise Specified	C19594
6161035	1.00	Lung, NOS	Lung	C12468
6161035	1.00	Lung, NOS	Not Otherwise Specified	C19594
6161035	1.00	Lower-outer quadrant of breast	Lower-Outer Quadrant of the Breast	C12304
6161035	1.00	Lower-inner quadrant of breast	Lower-Inner Quadrant of the Breast	C12302
6161035	1.00	Lower third of esophagus	Lower Third of the Esophagus	C12255
6161035	1.00	Lower lobe, lung	Lower Lobe of the Lung	C12287
6161035	1.00	Lower limb, NOS	Lower Extremity	C12742
6161035	1.00	Lower limb, NOS	Not Otherwise Specified	C19594
6161035	1.00	Lower gum	Lower Gingiva	C54204
6161035	1.00	Liver	Liver	C12392
6161035	1.00	Lip, NOS	Lip	C12220
6161035	1.00	Lip, NOS	Not Otherwise Specified	C19594
6161035	1.00	Lingual tonsil	Lingual Tonsil	C32988
6161035	1.00	Lesser curvature of stomach, NOS	Lesser Curvature of the Stomach	C12261
6161035	1.00	Lesser curvature of stomach, NOS	Not Otherwise Specified	C19594
6161035	1.00	Lateral wall of oropharynx	Lateral Wall of the Oropharynx	C12239
6161035	1.00	Lateral wall of nasopharynx	Lateral Wall of the Nasopharynx	C12244
6161035	1.00	Lateral wall of bladder	Lateral Wall of the Bladder	C12333
6161035	1.00	Lateral floor of mouth	Floor of Mouth	C54187
6161035	1.00	Lateral floor of mouth	Lateral	C25230
6161035	1.00	Larynx, NOS	Larynx	C12420
6161035	1.00	Larynx, NOS	Not Otherwise Specified	C19594
6161035	1.00	Laryngeal cartilage	Laryngeal Cartilage	C12281
6161035	1.00	Axillary tail of breast	Axillary Tail of the Breast	C12305
6161035	1.00	Gallbladder	Gallbladder	C12377
6161035	1.00	Gastric antrum	Antrum Pylori	C12259
6161035	1.00	Isthmus uteri	Isthmus Uteri	C12312
6161035	1.00	Islets of Langerhans	Islet of Langerhans	C12608
6161035	1.00	Intrathoracic lymph nodes	Intrathoracic Lymph Node	C12359
6161035	1.00	Intrahepatic bile duct	Intrahepatic Bile Duct	C12677
6161035	1.00	Intra-abdominal lymph nodes	Intra-Abdominal Lymph Node	C12360
6161035	1.00	Intestinal tract, NOS	Intestine	C12736
6161035	1.00	Intestinal tract, NOS	Not Otherwise Specified	C19594
6161035	1.00	Ill-defined sites within respiratory system	Other and Ill-Defined Sites within Respiratory System and Intrathoracic Organs ICD-O-3	C148338
6161035	1.00	Ileum	Ileum	C12387
6161035	1.00	Hypopharynx, NOS	Hypopharynx	C12246
6161035	1.00	Hypopharynx, NOS	Not Otherwise Specified	C19594
6161035	1.00	Hypopharyngeal aspect of aryepiglottic fold	Hypopharyngeal Aspect of the Aryteno-Epiglottic Fold	C32757
6161035	1.00	Hepatic flexure of colon	Hepatic Flexure	C12266
6161035	1.00	Hematopoietic system, NOS	Hematopoietic System	C12909
6161035	1.00	Hematopoietic system, NOS	Not Otherwise Specified	C19594
6161035	1.00	Heart	Heart	C12727
6161035	1.00	Head of pancreas	Head of the Pancreas	C12269
6161035	1.00	Hard palate	Hard Palate	C12230
6161035	1.00	Myometrium	Myometrium	C12314
6161035	1.00	Mucosa of upper lip	Mucosa of the Upper Lip	C12224
6161035	1.00	Mucosa of lower lip	Mucosa of the Lower Lip	C12225
6161035	1.00	Mucosa of lip, NOS	Mucosa of the Lip	C12226
6161035	1.00	Mouth, NOS	Oral Cavity	C12421
6161035	1.00	Mouth, NOS	Not Otherwise Specified	C19594
6161035	1.00	Middle third of esophagus	Middle Third of the Esophagus	C12254
6161035	1.00	Middle ear	Middle Ear	C12274
6161035	1.00	Meninges, NOS	Meninges	C12348
6161035	1.00	Meninges, NOS	Not Otherwise Specified	C19594
6161035	1.00	Medulla of adrenal gland	Adrenal Medulla	C12397
6161035	1.00	Mediastinum, NOS	Mediastinum	C12748
6161035	1.00	Mediastinum, NOS	Not Otherwise Specified	C19594
6161035	1.00	Meckel diverticulum	Meckel Diverticulum	C12264
6161035	1.00	Maxillary sinus	Maxillary Sinus	C12275
6161035	1.00	Mandible	Mandible	C12290
6161035	1.00	Major salivary gland, NOS	Major Salivary Gland	C12999
6161035	1.00	Major salivary gland, NOS	Not Otherwise Specified	C19594
6161035	1.00	Main bronchus	Main Bronchus	C12284
6161035	1.00	Oropharynx, NOS	Oropharynx	C12762
6161035	1.00	Oropharynx, NOS	Not Otherwise Specified	C19594
6161035	1.00	Orbit, NOS	Orbit	C12347
6161035	1.00	Orbit, NOS	Not Otherwise Specified	C19594
6161035	1.00	Optic nerve	Optic Nerve	C12761
6161035	1.00	Olfactory nerve	Olfactory Nerve	C12759
6161035	1.00	Occipital lobe	Occipital Lobe	C12355
6161035	1.00	Nipple	Nipple	C12299
6161035	1.00	Nervous system, NOS	Not Otherwise Specified	C19594
6161035	1.00	Nervous system, NOS	Nervous System	C12755
6161035	1.00	Nasal cavity	Nasal Cavity	C12424
6161035	1.00	Penis, NOS	Penis	C12409
6161035	1.00	Penis, NOS	Not Otherwise Specified	C19594
6161035	1.00	Pelvis, NOS	Pelvis	C12767
6161035	1.00	Pelvis, NOS	Not Otherwise Specified	C19594
6161035	1.00	Pelvic lymph nodes	Pelvic Lymph Node	C12363
6161035	1.00	Parotid gland	Parotid Gland	C12427
6161035	1.00	Parietal lobe	Parietal Lobe	C12354
6161035	1.00	Paraurethral gland	Skene Gland	C61122
6161035	1.00	Parathyroid gland	Parathyroid Gland	C12765
6161035	1.00	Parametrium	Parametrium	C12320
6161035	1.00	Pancreatic duct	Pancreatic Duct	C12272
6161035	1.00	Pancreas, NOS	Pancreas	C12393
6161035	1.00	Pancreas, NOS	Not Otherwise Specified	C19594
6161035	1.00	Palate, NOS	Palate	C12229
6161035	1.00	Palate, NOS	Not Otherwise Specified	C19594
6161035	1.00	Ovary	Ovary	C12404
6161035	1.00	Lacrimal gland	Lacrimal Gland	C12346
6161035	1.00	Labium minus	Labium Minus	C12307
6161035	1.00	Labium majus	Labium Majus	C12306
6161035	1.00	Kidney, NOS	Kidney	C12415
6161035	1.00	Kidney, NOS	Not Otherwise Specified	C19594
6161035	1.00	Jejunum	Jejunum	C12388
6161035	1.00	Lymph nodes of inguinal region or leg	Lymph Node of Inguinal Region or Leg	C12362
6161035	1.00	Lymph nodes of axilla or arm	Axillary Lymph Node	C12904
6161035	1.00	Other specified parts of pancreas	Other Specified Parts of Pancreas	C12273
6161035	1.00	Other specified parts of male genital organs	Other and Unspecified Male Genital Organs ICD-O-3	C148341
6161035	1.00	Other specified parts of female genital organs	Other and Unspecified Female Genital Organs ICD-O-3	C148339
6161035	1.00	Other ill-defined sites	Ill-Defined Anatomic Site	C147919
6161035	1.00	Laryngeal commissure	Laryngeal	C13305
6161035	1.00	Laryngeal commissure	Connect	C94560
6161035	1.00	Overlapping lesions of oropharynx	Overlapping Lesion	C179724
6161035	1.00	Overlapping lesions of oropharynx	Oropharynx	C12762
6161035	1.00	Overlapping lesion of vulva	Overlapping Lesion	C179724
6161035	1.00	Overlapping lesion of vulva	Vulva	C12408
6161035	1.00	Overlapping lesion of urinary organs	Overlapping Lesion	C179724
6161035	1.00	Overlapping lesion of urinary organs	Other and Unspecified Urinary Organs ICD-O-3	C148345
6161035	1.00	Overlapping lesion of tonsil	Overlapping Lesion	C179724
6161035	1.00	Overlapping lesion of tonsil	Tonsil	C12802
6161035	1.00	Overlapping lesion of tongue	Overlapping Lesion	C179724
6161035	1.00	Overlapping lesion of tongue	Tongue	C12422
6161035	1.00	Overlapping lesion of stomach	Overlapping Lesion	C179724
6161035	1.00	Overlapping lesion of stomach	Stomach	C12391
6161035	1.00	Overlapping lesion of small intestine	Overlapping Lesion	C179724
6161035	1.00	Overlapping lesion of small intestine	Small Intestine	C12386
6161035	1.00	Overlapping lesion of skin	Overlapping Lesion	C179724
6161035	1.00	Overlapping lesion of skin	Skin	C12470
6161035	1.00	Overlapping lesion of retroperitoneum and peritoneum	Overlapping Lesion	C179724
6161035	1.00	Overlapping lesion of retroperitoneum and peritoneum	Peritoneum and Retroperitoneum	C156712
6161035	1.00	Overlapping lesion of respiratory system and intrathoracic organs	Overlapping Lesion	C179724
6161035	1.00	Overlapping lesion of respiratory system and intrathoracic organs	Other and Ill-Defined Sites within Respiratory System and Intrathoracic Organs ICD-O-3	C148338
6161035	1.00	Overlapping lesion of penis	Overlapping Lesion	C179724
6161035	1.00	Overlapping lesion of penis	Penis	C12409
6161035	1.00	Overlapping lesion of pancreas	Overlapping Lesion	C179724
6161035	1.00	Overlapping lesion of pancreas	Pancreas	C12393
6161035	1.00	Overlapping lesion of palate	Overlapping Lesion	C179724
6161035	1.00	Overlapping lesion of palate	Palate	C12229
6161035	1.00	Overlapping lesion of other and unspecified parts of mouth	Overlapping Lesion	C179724
6161035	1.00	Overlapping lesion of other and unspecified parts of mouth	Other and Unspecified Parts of Mouth ICD-O-3	C148343
6161035	1.00	Upper respiratory tract, NOS	Upper Respiratory System	C33839
6161035	1.00	Upper respiratory tract, NOS	Not Otherwise Specified	C19594
6161035	1.00	Upper lobe, lung	Upper Lobe of the Lung	C12285
6161035	1.00	Upper limb, NOS	Upper Extremity	C12671
6161035	1.00	Upper limb, NOS	Not Otherwise Specified	C19594
6161035	1.00	Upper Gum	Upper Gingiva	C54205
6161035	1.00	Unknown primary site	Primary Site Unknown	C48322
6161035	1.00	Undescended testis	Undescended Testes	C12326
6161035	1.00	Trigone of bladder	Bladder Trigone	C12331
6161035	1.00	Transverse colon	Transverse Colon	C12385
6161035	1.00	Trachea	Trachea	C12428
6161035	1.00	Tonsillar pillar	Tonsillar Pillar	C12236
6161035	1.00	Tonsillar fossa	Tonsillar Fossa	C12235
6161035	1.00	Tonsil, NOS	Tonsil	C12802
6161035	1.00	Tonsil, NOS	Not Otherwise Specified	C19594
6161035	1.00	Tongue, NOS	Tongue	C12422
6161035	1.00	Tongue, NOS	Not Otherwise Specified	C19594
6161035	1.00	Thyroid gland	Thyroid Gland	C12400
6161035	1.00	Thymus	Thymus Gland	C12433
6161035	1.00	Thorax, NOS	Thorax	C12799
6161035	1.00	Thorax, NOS	Not Otherwise Specified	C19594
6161035	1.00	Thoracic esophagus	Thoracic Esophagus	C12251
6161035	1.00	Testis, NOS	Testis	C12412
6161035	1.00	Testis, NOS	Not Otherwise Specified	C19594
6161035	1.00	Temporal lobe	Temporal Lobe	C12353
6161035	1.00	Tail of pancreas	Tail of the Pancreas	C12271
6161035	1.00	Supraglottis	Supraglottis	C12279
6161035	1.00	Superior wall of nasopharynx	Superior Wall of the Nasopharynx	C12242
6161035	1.00	Submandibular gland	Submandibular Salivary Gland	C12233
6161035	1.00	Lymph nodes of head, face and neck	Head and Neck Lymph Node	C12358
6161035	1.00	Bladder, NOS	Bladder, NOS	C159545
6161035	1.00	Central portion of breast	Central Portion of the Breast	C12300
6161035	1.00	Female genital tract, NOS	Female Reproductive System	C12402
6161035	1.00	Female genital tract, NOS	Not Otherwise Specified	C19594
6161035	1.00	Male genital organs, NOS	Male Genitalia	C61599
6161035	1.00	Male genital organs, NOS	Not Otherwise Specified	C19594
6161035	1.00	Nasopharynx, NOS	Nasopharynx	C12423
6161035	1.00	Nasopharynx, NOS	Not Otherwise Specified	C19594
6161035	1.00	Placenta	Placenta	C13272
6161035	1.00	Pituitary gland	Pituitary Gland	C12399
6161035	1.00	Pineal gland	Pineal Gland	C12398
6161035	1.00	Pharynx, NOS	Pharynx	C12425
6161035	1.00	Pharynx, NOS	Not Otherwise Specified	C19594
6161035	1.00	Peritoneum, NOS	Peritoneum	C12770
6161035	1.00	Peritoneum, NOS	Not Otherwise Specified	C19594
6161035	1.00	Bone of limb, NOS	Bone of the Extremity	C32223
6161035	1.00	Bone of limb, NOS	Not Otherwise Specified	C19594
6161035	1.00	Ventricle, NOS	Cardiac Ventricle	C12730
6161035	1.00	Ventricle, NOS	And/Or	C48928
6161035	1.00	Ventricle, NOS	Brain Ventricle	C12356
6161035	1.00	Ventricle, NOS	Not Otherwise Specified	C19594
6161035	1.00	Specified parts of peritoneum	Peritoneum	C12770
6161035	1.00	Specified parts of peritoneum	Part	C45313
6161035	1.00	Specified parts of peritoneum	Specified	C38024
6161035	1.00	Ventral surface of tongue, NOS	Tongue	C12422
6161035	1.00	Ventral surface of tongue, NOS	Ventral	C45875
6161035	1.00	Ventral surface of tongue, NOS	Not Otherwise Specified	C19594
6161035	1.00	Overlapping lesion of nasopharynx	Overlapping Lesion	C179724
6161035	1.00	Overlapping lesion of nasopharynx	Nasopharynx	C12423
6161035	1.00	Overlapping lesion of male genital organs	Overlapping Lesion	C179724
6161035	1.00	Overlapping lesion of male genital organs	Other and Unspecified Male Genital Organs ICD-O-3	C148341
6161035	1.00	Overlapping lesion of major salivary glands	Overlapping Lesion	C179724
6161035	1.00	Overlapping lesion of major salivary glands	Major Salivary Gland	C12999
6161035	1.00	Overlapping lesion of lung	Overlapping Lesion	C179724
6161035	1.00	Overlapping lesion of lung	Lung	C12468
6161035	1.00	Overlapping lesion of lip, oral cavity and pharynx	Overlapping Lesion	C179724
6161035	1.00	Overlapping lesion of lip, oral cavity and pharynx	Other and Ill-Defined Sites in Lip, Oral Cavity and Pharynx ICD-O-3	C148337
6161035	1.00	Overlapping lesion of lip	Overlapping Lesion	C179724
6161035	1.00	Overlapping lesion of lip	Lip	C12220
6161035	1.00	Overlapping lesion of larynx	Overlapping Lesion	C179724
6161035	1.00	Overlapping lesion of larynx	Larynx	C12420
6161035	1.00	Overlapping lesion of ill-defined sites	Overlapping Lesion	C179724
6161035	1.00	Overlapping lesion of ill-defined sites	Ill-Defined Anatomic Site	C147919
6161035	1.00	Overlapping lesion of hypopharynx	Overlapping Lesion	C179724
6161035	1.00	Overlapping lesion of hypopharynx	Hypopharynx	C12246
6161035	1.00	Overlapping lesion of floor of mouth	Overlapping Lesion	C179724
6161035	1.00	Overlapping lesion of floor of mouth	Floor of Mouth	C54187
6161035	1.00	Overlapping lesion of female genital organs	Overlapping Lesion	C179724
6161035	1.00	Overlapping lesion of female genital organs	Other and Unspecified Female Genital Organs ICD-O-3	C148339
6161035	1.00	Overlapping lesion of esophagus	Overlapping Lesion	C179724
6161035	1.00	Overlapping lesion of esophagus	Esophagus	C12389
6161035	1.00	Overlapping lesion of endocrine glands and related structures	Overlapping Lesion	C179724
6161035	1.00	Overlapping lesion of endocrine glands and related structures	Other Endocrine Glands and Related Structures ICD-O-3	C148346
6161035	1.00	Overlapping lesion of digestive system	Overlapping Lesion	C179724
6161035	1.00	Overlapping lesion of digestive system	Digestive System	C12378
6161035	1.00	Soft palate, NOS	Soft Palate	C12231
6161035	1.00	Soft palate, NOS	Not Otherwise Specified	C19594
6161035	1.00	Small intestine, NOS	Small Intestine	C12386
6161035	1.00	Small intestine, NOS	Not Otherwise Specified	C19594
6161035	1.00	Skin, NOS	Skin	C12470
6161035	1.00	Skin, NOS	Not Otherwise Specified	C19594
6161035	1.00	Skin of upper limb and shoulder	Skin of the Upper Limb and Shoulder	C12296
6161035	1.00	Skin of trunk	Skin of the Trunk	C12295
6161035	1.00	Skin of scalp and neck	Skin of the Scalp and Neck	C12294
6161035	1.00	Skin of other and unspecified parts of face	Skin of the Face	C33561
6161035	1.00	Skin of lower limb and hip	Skin of the Lower Limb and Hip	C12297
6161035	1.00	Skin of lip, NOS	Skin of the Lip	C12291
6161035	1.00	Skin of lip, NOS	Not Otherwise Specified	C19594
6161035	1.00	Sigmoid colon	Sigmoid Colon	C12384
6161035	1.00	Scrotum, NOS	Scrotum	C12785
6161035	1.00	Scrotum, NOS	Not Otherwise Specified	C19594
6161035	1.00	Round ligament	Round Ligament	C12319
6161035	1.00	Retroperitoneum	Retroperitoneum	C12298
6161035	1.00	Retromolar area	Retromolar Trigone	C54223
6161035	1.00	Sublingual gland	Sublingual Salivary Gland	C12234
6161035	1.00	Subglottis	Subglottis	C12280
6161035	1.00	Stomach, NOS	Stomach	C12391
6161035	1.00	Stomach, NOS	Not Otherwise Specified	C19594
6161035	1.00	Splenic flexure of colon	Splenic Flexure	C12267
6161035	1.00	Spleen	Spleen	C12432
6161035	1.00	Spinal meninges	Spinal Meninges	C12350
6161035	1.00	Spinal cord	Spinal Cord	C12464
6161035	1.00	Sphenoid sinus	Sphenoid Sinus	C12278
6161035	1.00	Spermatic cord	Spermatic Cord	C12329
6161035	1.00	Short bones of lower limb and associated joints	Joint	C13044
6161035	1.00	Short bones of lower limb and associated joints	Associated	C25281
6161035	1.00	Short bones of lower limb and associated joints	And	C37912
6161035	1.00	Short bones of lower limb and associated joints	Lower Extremity	C12742
6161035	1.00	Short bones of lower limb and associated joints	Short Bone	C33545
6161035	1.00	Not Reported	Not Reported	C43234
6161035	1.00	Unknown	Unknown	C17998
6161035	1.00	Waldeyer ring	Waldeyer Ring	C73468
6161035	1.00	Vulva, NOS	Vulva	C12408
6161035	1.00	Vulva, NOS	Not Otherwise Specified	C19594
6161035	1.00	Vestibule of mouth	Vestibule of Mouth	C165195
6161035	1.00	Vertebral column	Vertebral Column	C12998
6161035	1.00	Vallecula	Vallecula	C12237
6161035	1.00	Vagina, NOS	Vagina	C12407
6161035	1.00	Vagina, NOS	Not Otherwise Specified	C19594
6161035	1.00	Uvula	Uvula	C12232
6161035	1.00	Uterus, NOS	Uterus	C12405
6161035	1.00	Uterus, NOS	Not Otherwise Specified	C19594
6161035	1.00	Uterine adnexa	Appendage of the Uterus	C12321
6161035	1.00	Urinary system, NOS	Urinary System	C12413
6161035	1.00	Urinary system, NOS	Not Otherwise Specified	C19594
6161035	1.00	Urethra	Urethra	C12417
6161035	1.00	Ureteric orifice	Ureteric Orifice	C12337
6161035	1.00	Ureter	Ureter	C12416
6161035	1.00	Urachus	Urachus	C12338
6161035	1.00	Upper-outer quadrant of breast	Upper-Outer Quadrant of the Breast	C12303
6161035	1.00	Upper-inner quadrant of breast	Upper-Inner Quadrant of the Breast	C12301
6161035	1.00	Upper third of esophagus	Upper Third of the Esophagus	C12253
6161035	1.00	Short bones of upper limb and associated joints	Joint	C13044
6161035	1.00	Short bones of upper limb and associated joints	Associated	C25281
6161035	1.00	Short bones of upper limb and associated joints	And	C37912
6161035	1.00	Short bones of upper limb and associated joints	Upper Extremity	C12671
6161035	1.00	Short bones of upper limb and associated joints	Short Bone	C33545
6161035	1.00	Rib, sternum, clavicle and associated joints	Joint	C13044
6161035	1.00	Rib, sternum, clavicle and associated joints	Associated	C25281
6161035	1.00	Rib, sternum, clavicle and associated joints	And	C37912
6161035	1.00	Rib, sternum, clavicle and associated joints	Clavicle	C12695
6161035	1.00	Rib, sternum, clavicle and associated joints	Sternum	C12793
6161035	1.00	Rib, sternum, clavicle and associated joints	Rib	C12782
6161035	1.00	Peripheral nerves and autonomic nervous system of upper limb and shoulder	Autonomic Nervous System	C12673
6161035	1.00	Peripheral nerves and autonomic nervous system of upper limb and shoulder	And	C37912
6161035	1.00	Peripheral nerves and autonomic nervous system of upper limb and shoulder	Peripheral Nerve	C12768
6161035	1.00	Peripheral nerves and autonomic nervous system of upper limb and shoulder	Shoulder	C25203
6161035	1.00	Peripheral nerves and autonomic nervous system of upper limb and shoulder	Upper Extremity	C12671
6161035	1.00	Peripheral nerves and autonomic nervous system of trunk, NOS	Autonomic Nervous System	C12673
6161035	1.00	Peripheral nerves and autonomic nervous system of trunk, NOS	And	C37912
6161035	1.00	Peripheral nerves and autonomic nervous system of trunk, NOS	Peripheral Nerve	C12768
6161035	1.00	Peripheral nerves and autonomic nervous system of trunk, NOS	Trunk	C33816
6161035	1.00	Peripheral nerves and autonomic nervous system of trunk, NOS	Not Otherwise Specified	C19594
6161035	1.00	Peripheral nerves and autonomic nervous system of thorax	Autonomic Nervous System	C12673
6161035	1.00	Peripheral nerves and autonomic nervous system of thorax	And	C37912
6161035	1.00	Peripheral nerves and autonomic nervous system of thorax	Peripheral Nerve	C12768
6161035	1.00	Peripheral nerves and autonomic nervous system of thorax	Thorax	C12799
6161035	1.00	Peripheral nerves and autonomic nervous system of pelvis	Autonomic Nervous System	C12673
6161035	1.00	Peripheral nerves and autonomic nervous system of pelvis	And	C37912
6161035	1.00	Peripheral nerves and autonomic nervous system of pelvis	Peripheral Nerve	C12768
6161035	1.00	Peripheral nerves and autonomic nervous system of pelvis	Pelvis	C12767
6161035	1.00	Peripheral nerves and autonomic nervous system of lower limb and hip	Autonomic Nervous System	C12673
6161035	1.00	Peripheral nerves and autonomic nervous system of lower limb and hip	And	C37912
6161035	1.00	Peripheral nerves and autonomic nervous system of lower limb and hip	Peripheral Nerve	C12768
6161035	1.00	Peripheral nerves and autonomic nervous system of lower limb and hip	Hip	C64193
6161035	1.00	Peripheral nerves and autonomic nervous system of lower limb and hip	Lower Extremity	C12742
6161035	1.00	Peripheral nerves and autonomic nervous system of head, face, and neck	Autonomic Nervous System	C12673
6161035	1.00	Peripheral nerves and autonomic nervous system of head, face, and neck	And	C37912
6161035	1.00	Peripheral nerves and autonomic nervous system of head, face, and neck	Peripheral Nerve	C12768
6161035	1.00	Peripheral nerves and autonomic nervous system of head, face, and neck	Head and Neck	C12418
6161035	1.00	Peripheral nerves and autonomic nervous system of abdomen	Autonomic Nervous System	C12673
6161035	1.00	Peripheral nerves and autonomic nervous system of abdomen	And	C37912
6161035	1.00	Peripheral nerves and autonomic nervous system of abdomen	Peripheral Nerve	C12768
6161035	1.00	Peripheral nerves and autonomic nervous system of abdomen	Abdomen	C12664
6161035	1.00	Retina	Retina	C12343
6161035	1.00	Reticuloendothelial system, NOS	Reticuloendothelial System	C12780
6161035	1.00	Reticuloendothelial system, NOS	Not Otherwise Specified	C19594
6161035	1.00	Renal pelvis	Renal Pelvis	C12887
6161035	1.00	Renal pelvis	Not Otherwise Specified	C19594
6161035	1.00	Rectum, NOS	Rectum	C12390
6161035	1.00	Rectum, NOS	Not Otherwise Specified	C19594
6161035	1.00	Rectosigmoid junction	Rectosigmoid Region	C54188
6161035	1.00	Pyriform sinus	Pyriform Sinus	C33439
6161035	1.00	Pylorus	Pylorus	C12260
6161035	1.00	Prostate gland	Prostate Gland	C12410
6161035	1.00	Prepuce	Prepuce	C12323
6161035	1.00	Posterior wall of oropharynx	Posterior Wall of the Oropharynx	C12240
6161035	1.00	Posterior wall of nasopharynx	Posterior Wall of the Nasopharynx	C12243
6161035	1.00	Overlapping lesion of corpus uteri	Overlapping Lesion	C179724
6161035	1.00	Overlapping lesion of corpus uteri	Corpus Uteri	C12316
6161035	1.00	Overlapping lesion of connective, subcutaneous and other soft tissues	Overlapping Lesion	C179724
6161035	1.00	Overlapping lesion of connective, subcutaneous and other soft tissues	Connective Tissue	C12374
6161035	1.00	Overlapping lesion of colon	Overlapping Lesion	C179724
6161035	1.00	Overlapping lesion of colon	Colon	C12382
6161035	1.00	Overlapping lesion of cervix uteri	Overlapping Lesion	C179724
6161035	1.00	Overlapping lesion of cervix uteri	Cervix Uteri	C12311
6161035	1.00	Overlapping lesion of breast	Overlapping Lesion	C179724
6161035	1.00	Overlapping lesion of breast	Breast	C12971
6161035	1.00	Overlapping lesion of brain	Overlapping Lesion	C179724
6161035	1.00	Overlapping lesion of brain	Brain	C12439
6161035	1.00	Overlapping lesion of bladder	Overlapping Lesion	C179724
6161035	1.00	Overlapping lesion of bladder	Bladder	C12414
6161035	1.00	Overlapping lesion of biliary tract	Overlapping Lesion	C179724
6161035	1.00	Overlapping lesion of biliary tract	Biliary Tract	C12678
6161035	1.00	Overlapping lesion of accessory sinuses	Overlapping Lesion	C179724
6161035	1.00	Overlapping lesion of accessory sinuses	Paranasal Sinus	C12763
6161035	1.00	Overlapping lesion of rectum, anus and anal canal	Overlapping Lesion	C179724
6161035	1.00	Overlapping lesion of rectum, anus and anal canal	Anal Canal	C12375
6161035	1.00	Overlapping lesion of rectum, anus and anal canal	And	C37912
6161035	1.00	Overlapping lesion of rectum, anus and anal canal	Anus	C43362
6161035	1.00	Overlapping lesion of rectum, anus and anal canal	Rectum	C12390
6161035	1.00	Overlapping lesion of peripheral nerves and autonomic nervous system	Overlapping Lesion	C179724
6161035	1.00	Overlapping lesion of peripheral nerves and autonomic nervous system	Autonomic Nervous System	C12673
6161035	1.00	Overlapping lesion of peripheral nerves and autonomic nervous system	And	C37912
6161035	1.00	Overlapping lesion of peripheral nerves and autonomic nervous system	Peripheral Nerve	C12768
6161035	1.00	Overlapping lesion of heart, mediastinum and pleura	Overlapping Lesion	C179724
6161035	1.00	Overlapping lesion of heart, mediastinum and pleura	Pleura	C12469
6161035	1.00	Overlapping lesion of heart, mediastinum and pleura	And	C37912
6161035	1.00	Overlapping lesion of heart, mediastinum and pleura	Mediastinum	C12748
6161035	1.00	Overlapping lesion of heart, mediastinum and pleura	Heart	C12727
6161035	1.00	Overlapping lesion of eye and adnexa	Overlapping Lesion	C179724
6161035	1.00	Overlapping lesion of eye and adnexa	Adnexa	C137974
6161035	1.00	Overlapping lesion of eye and adnexa	And	C37912
6161035	1.00	Overlapping lesion of eye and adnexa	Eye	C12401
6161035	1.00	Overlapping lesion of brain and central nervous system	Overlapping Lesion	C179724
6161035	1.00	Overlapping lesion of brain and central nervous system	Central Nervous System	C12438
6161035	1.00	Overlapping lesion of brain and central nervous system	And	C37912
6161035	1.00	Overlapping lesion of brain and central nervous system	Brain	C12439
6161035	1.00	Overlapping lesion of bones, joints and articular cartilage of limbs	Overlapping Lesion	C179724
6161035	1.00	Overlapping lesion of bones, joints and articular cartilage of limbs	Limb	C12429
6161035	1.00	Overlapping lesion of bones, joints and articular cartilage of limbs	Articular Cartilage	C32144
6161035	1.00	Overlapping lesion of bones, joints and articular cartilage of limbs	And	C37912
6161035	1.00	Overlapping lesion of bones, joints and articular cartilage of limbs	Joint	C13044
6161035	1.00	Overlapping lesion of bones, joints and articular cartilage of limbs	Bone	C12366
6161035	1.00	Overlapping lesion of bones, joints and articular cartilage	Overlapping Lesion	C179724
6161035	1.00	Overlapping lesion of bones, joints and articular cartilage	Articular Cartilage	C32144
6161035	1.00	Overlapping lesion of bones, joints and articular cartilage	And	C37912
6161035	1.00	Overlapping lesion of bones, joints and articular cartilage	Joint	C13044
6161035	1.00	Overlapping lesion of bones, joints and articular cartilage	Bone	C12366
6161035	1.00	Posterior wall of hypopharynx	Posterior Wall of the Hypopharynx	C12249
6161035	1.00	Posterior wall of bladder	Posterior Wall of the Bladder	C12335
6161035	1.00	Posterior mediastinum	Posterior Mediastinum	C33368
6161035	1.00	Postcricoid region	Postcricoid Region	C54221
6161035	1.00	Pleura, NOS	Pleura	C12469
6161035	1.00	Pleura, NOS	Not Otherwise Specified	C19594
14670294	1.00	Enrollment	Enrollment	C37948
14670294	1.00	Baseline	Baseline Assessment	C142400
6626651	2.00	Other	Other	C17649
6626651	2.00	Biopsy	Biopsy	C15189
6626651	2.00	Fine needle aspirate	Fine-Needle Aspiration	C15361
6626651	2.00	Autopsy	Autopsy	C25153
6626651	2.00	Surgical Resection	Excision	C15232
6626651	2.00	Excisional Biopsy	Excisional Biopsy	C15385
6626651	2.00	Blood draw	Blood Sample	C17610
6626651	2.00	Incisional Biopsy	Incisional Biopsy	C15386
6626651	2.00	Not applicable	Not Applicable	C48660
6626651	2.00	Unknown	Unknown	C17998
6626651	2.00	Not reported	Not Reported	C43234
6626651	2.00	Sentinel node biopsy	Sentinel Lymph Node Biopsy	C15667
6626651	2.00	Lymphadenectomy (regional nodes)	Regional Lymph Node	C49018
6626651	2.00	Lymphadenectomy (regional nodes)	Lymphadenectomy	C15275
6626651	2.00	Shave biopsy	Shave Biopsy	C15387
6626651	2.00	Punch biopsy	Punch Biopsy	C28743
6626651	2.00	Re-excision	Re-Excision	C48600
6626651	2.00	Not specified	Unspecified	C38046
6626651	2.00	Forceps Biopsy	Forceps Biopsy	C177206
6626651	2.00	Core needle biopsy	Core Biopsy	C15680
6626651	2.00	Pancreaticoduodenectomy	Pancreaticoduodenectomy	C51933
3288124	1.00	Tumor specimen from de novo untreated malignancy of the bladder	Bladder Carcinoma	C4912
3288124	1.00	Tumor specimen from de novo untreated malignancy of the bladder	Therapeutic Procedure	C49236
3288124	1.00	Tumor specimen from de novo untreated malignancy of the bladder	Negation	C25594
3288124	1.00	Tumor specimen from de novo untreated malignancy of the bladder	de novo	C28354
3288124	1.00	Tumor specimen from de novo untreated malignancy of the bladder	From	C25516
3288124	1.00	Tumor specimen from de novo untreated malignancy of the bladder	Tumor Tissue Sample	C18009
3288124	1.00	Recurrent	Tumor Tissue Sample	C18009
3288124	1.00	Recurrent	Recurrent	C14173
3288124	1.00	Metastatic	Tumor Tissue Sample	C18009
3288124	1.00	Metastatic	Metastatic	C14174
3288124	1.00	Primary	Tumor Tissue Sample	C18009
3288124	1.00	Primary	Malignant	C14143
3288124	1.00	Primary	Therapeutic Procedure	C49236
3288124	1.00	Primary	Negation	C25594
3288124	1.00	Primary	Primary	C25251
3288124	1.00	Additional Primary	Primary Neoplasm	C8509
3288124	1.00	Additional Primary	Additional	C25406
3288124	1.00	NOS	Not Otherwise Specified	C19594
3288124	1.00	Xenograft	Xenograft	C12932
3288124	1.00	Premalignant	Premalignant	C25624
3288124	1.00	Local recurrence	Locally Recurrent Malignant Neoplasm	C94796
3288124	1.00	Not reported	Not Reported	C43234
3288124	1.00	Not applicable	Not Applicable	C48660
3288124	1.00	Unknown	Unknown	C17998
3288124	1.00	Atypia or hyperplasia	Hyperplasia	C3113
3288124	1.00	Atypia or hyperplasia	Atypia	C9478
3288124	1.00	Normal adjacent	Adjacent	C25408
3288124	1.00	Normal adjacent	Tissue	C12801
3288124	1.00	Normal distant	Distant	C25321
3288124	1.00	Normal distant	Tissue	C12801
3288124	1.00	Normal	Tissue	C12801
3288124	1.00	Tumor post-adjuvant therapy	Post-Adjuvant Therapy	C158707
3288124	1.00	Tumor post-adjuvant therapy	Tumor Tissue Sample	C18009
3288124	1.00	Tumor post-neoadjuvant therapy	Post Neoadjuvant Therapy Sample	C156444
3288124	1.00	Tumor post-neoadjuvant therapy	Tumor Tissue Sample	C18009
3288124	1.00	Tumor post-therapy	Post-Therapy	C54735
3288124	1.00	Tumor post-therapy	Tumor Tissue Sample	C18009
3288124	1.00	Tissue	Tissue	C12801
3288124	1.00	Premalignant - in situ	In Situ	C14160
3288124	1.00	Premalignant - in situ	Premalignant	C25624
65078	4.00	Not recorded	Not Recorded	C185193
65078	4.00	PAXgene Tissue	PAXgene Tissue System	C185113
65078	4.00	Para-benzoquinone	p-Benzoquinone	C95317
65078	4.00	Diimidoester	Diimidoester	C185112
65078	4.00	Not applicable	Not Applicable	C48660
65078	4.00	Formalin	Formaldehyde	C29744
65078	4.00	Other	Other	C17649
65078	4.00	Unknown	Unknown	C17998
65078	4.00	Glutaraldehyde	Glutaral	C80930
65078	4.00	Saline	Saline	C821
65078	4.00	RNAlater	RNALater	C63348
65078	4.00	Alcohol	Alcohol	C2190
65078	4.00	Acetone	Acetone	C29807
65078	4.00	CryoStor	Biological Cryopreservation Medium	C178539
65078	4.00	Poloxamer	Poloxamer	C178536
65078	4.00	Carnoy's Solution	Carnoy's Solution	C178534
65078	4.00	Methacarn	Methacarn	C63344
65078	4.00	NP40 Lysis Buffer	NP40 Lysis Buffer	C178573
65078	4.00	TCL Lysis Buffer	Buffer TCL	C178572
65078	4.00	Dimethylacetamide	N,N-Dimethylacetamide	C29274
65078	4.00	Carbodiimide	Carbodiimide	C185111
65078	4.00	95% Ethanol	95% Ethyl Alcohol	C185110
8037927	1.00	None	None	C41132
8037927	1.00	PBS+Serum	Cell Culture Serum	C185408
8037927	1.00	PBS+Serum	Dulbecco's Phosphate-Buffered Saline	C178908
8037927	1.00	RPMI+Serum	Cell Culture Serum	C185408
8037927	1.00	RPMI+Serum	Roswell Park Memorial Institute 1640 Medium	C178973
8037927	1.00	DMEM+Serum	Cell Culture Serum	C185408
8037927	1.00	DMEM+Serum	Dulbecco's Modified Eagle Medium	C185409
8037927	1.00	DMEM	Dulbecco's Modified Eagle Medium	C185409
7789196	1.00	H&E	Hematoxylin and Eosin Staining Method	C23011
7789196	1.00	SABER	Stereotactic Ablative Radiotherapy	C157991
7789196	1.00	MxIF	Multiplexed Immunofluorescence	C181928
7789196	1.00	mIHC	Multiplexed Immunohistochemistry	C181927
7789196	1.00	IHC	Immunohistochemistry Staining Method	C23020
7789196	1.00	t-CyCIF	Tissue-Based Cyclic Immunofluorescence	C181929
7789196	1.00	IMC	Imaging Mass Cytometry	C182027
7789196	1.00	GeoMX-DSP	GeoMx Digital Spatial Profiler	C181933
7789196	1.00	CODEX	CO-Detection by indEXing	C181931
7789196	1.00	MIBI	Multiplexed Ion Beam Imaging	C181930
7789196	1.00	Not Applicable	Not Applicable	C48660
7789196	1.00	ExSeq	Expansion Sequencing	C210698
7789196	1.00	MERFISH	Multiplexed Error-Robust Fluorescence In Situ Hybridization	C210697
7789196	1.00	CyCIF	Cyclic Immunofluorescence	C210700
8058286	1.00	Multi	Multiple	C17648
8058286	1.00	Other	Other	C17649
8058286	1.00	Glycerol	Glycerin	C29077
8058286	1.00	Air	Air	C73434
8058286	1.00	Water	Water	C65147
8058286	1.00	Oil	Oil	C66934
7788945	1.00	False	False	C68851
7788945	1.00	True	True	C68850
7788567	1.00	m	Micron	C48510
7788568	1.00	m	Micron	C48510
7788569	1.00	m	Micron	C48510
14765187	1.00	0	Zero	C70430
14765187	1.00	10	Ten	C69122
14765187	1.00	9	Nine	C66840
14765187	1.00	8	Eight	C66839
14765187	1.00	7	Seven	C66838
14765187	1.00	6	Six	C66837
14765187	1.00	5	Five	C66836
14765187	1.00	4	Four	C66835
14765187	1.00	3	Three	C66834
14765187	1.00	2	Two	C66833
14765187	1.00	1	One	C66832
14767264	1.00	0	Zero	C70430
14767264	1.00	10	Ten	C69122
14767264	1.00	9	Nine	C66840
14767264	1.00	8	Eight	C66839
14767264	1.00	7	Seven	C66838
14767264	1.00	6	Six	C66837
14767264	1.00	5	Five	C66836
14767264	1.00	4	Four	C66835
14767264	1.00	3	Three	C66834
14767264	1.00	2	Two	C66833
14767264	1.00	1	One	C66832
14765190	1.00	0	Zero	C70430
14765190	1.00	10	Ten	C69122
14765190	1.00	9	Nine	C66840
14765190	1.00	8	Eight	C66839
14765190	1.00	7	Seven	C66838
14765190	1.00	6	Six	C66837
14765190	1.00	5	Five	C66836
14765190	1.00	4	Four	C66835
14765190	1.00	3	Three	C66834
14765190	1.00	2	Two	C66833
14765190	1.00	1	One	C66832
14765193	1.00	0	Zero	C70430
14765193	1.00	10	Ten	C69122
14765193	1.00	9	Nine	C66840
14765193	1.00	8	Eight	C66839
14765193	1.00	7	Seven	C66838
14765193	1.00	6	Six	C66837
14765193	1.00	5	Five	C66836
14765193	1.00	4	Four	C66835
14765193	1.00	3	Three	C66834
14765193	1.00	2	Two	C66833
14765193	1.00	1	One	C66832
14767270	1.00	0	Zero	C70430
14767270	1.00	10	Ten	C69122
14767270	1.00	9	Nine	C66840
14767270	1.00	8	Eight	C66839
14767270	1.00	7	Seven	C66838
14767270	1.00	6	Six	C66837
14767270	1.00	5	Five	C66836
14767270	1.00	4	Four	C66835
14767270	1.00	3	Three	C66834
14767270	1.00	2	Two	C66833
14767270	1.00	1	One	C66832
14768386	1.00	0	Zero	C70430
14768386	1.00	10	Ten	C69122
14768386	1.00	9	Nine	C66840
14768386	1.00	8	Eight	C66839
14768386	1.00	7	Seven	C66838
14768386	1.00	6	Six	C66837
14768386	1.00	5	Five	C66836
14768386	1.00	4	Four	C66835
14768386	1.00	3	Three	C66834
14768386	1.00	2	Two	C66833
14768386	1.00	1	One	C66832
14607722	1.00	No	No	C49487
14607722	1.00	Yes	Yes	C49488
14608595	1.00	No	No	C49487
14608595	1.00	Yes	Yes	C49488
14608601	1.00	No	No	C49487
14608601	1.00	Yes	Yes	C49488
14608649	1.00	No	No	C49487
14608649	1.00	Yes	Yes	C49488
14612651	1.00	No	No	C49487
14612651	1.00	Yes	Yes	C49488
14612652	1.00	No	No	C49487
14612652	1.00	Yes	Yes	C49488
14670301	1.00	3D	Three-Dimensional Imaging	C18485
14617523	1.00	Supine	Supine Position	C62167
14617523	1.00	Trendelenburg	Trendelenburg	C62168
14617523	1.00	Standing	Prolonged Standing	C168402
15112968	1.00	Glycoproteome	Glycoproteome	C161797
15112968	1.00	Acetylome	Acetylome	C210456
15112968	1.00	Ubiquitylome	Ubiquitylome	C210458
15112968	1.00	Proteome	Proteome	C18276
15112968	1.00	Phosphoproteome	Phosphoproteome	C161796
15112968	1.00	Metabolome	Metabolome	C210457
15112968	1.00	Lipidome	Lipidome	C153197
